t_ms,raw,subject,gesture,attempt,reason
890258,0,n7,light,1,수신 데이터 없음
890260,0,n7,light,1,수신 데이터 없음
890262,0,n7,light,1,수신 데이터 없음
890264,0,n7,light,1,수신 데이터 없음
890266,0,n7,light,1,수신 데이터 없음
890268,0,n7,light,1,수신 데이터 없음
890270,0,n7,light,1,수신 데이터 없음
890272,0,n7,light,1,수신 데이터 없음
890274,0,n7,light,1,수신 데이터 없음
890276,0,n7,light,1,수신 데이터 없음
890278,0,n7,light,1,수신 데이터 없음
890280,0,n7,light,1,수신 데이터 없음
890282,0,n7,light,1,수신 데이터 없음
890284,0,n7,light,1,수신 데이터 없음
890286,0,n7,light,1,수신 데이터 없음
890288,0,n7,light,1,수신 데이터 없음
890290,0,n7,light,1,수신 데이터 없음
890292,0,n7,light,1,수신 데이터 없음
890294,0,n7,light,1,수신 데이터 없음
890296,0,n7,light,1,수신 데이터 없음
890298,0,n7,light,1,수신 데이터 없음
890300,0,n7,light,1,수신 데이터 없음
890302,0,n7,light,1,수신 데이터 없음
890304,0,n7,light,1,수신 데이터 없음
890306,0,n7,light,1,수신 데이터 없음
890308,0,n7,light,1,수신 데이터 없음
890310,0,n7,light,1,수신 데이터 없음
890312,0,n7,light,1,수신 데이터 없음
890314,0,n7,light,1,수신 데이터 없음
890316,0,n7,light,1,수신 데이터 없음
890318,0,n7,light,1,수신 데이터 없음
890320,0,n7,light,1,수신 데이터 없음
890322,0,n7,light,1,수신 데이터 없음
890324,0,n7,light,1,수신 데이터 없음
890326,0,n7,light,1,수신 데이터 없음
890328,0,n7,light,1,수신 데이터 없음
890330,0,n7,light,1,수신 데이터 없음
890332,0,n7,light,1,수신 데이터 없음
890334,0,n7,light,1,수신 데이터 없음
890336,0,n7,light,1,수신 데이터 없음
890338,0,n7,light,1,수신 데이터 없음
890340,0,n7,light,1,수신 데이터 없음
890342,0,n7,light,1,수신 데이터 없음
890344,0,n7,light,1,수신 데이터 없음
890346,0,n7,light,1,수신 데이터 없음
890348,0,n7,light,1,수신 데이터 없음
890350,0,n7,light,1,수신 데이터 없음
890352,0,n7,light,1,수신 데이터 없음
890354,0,n7,light,1,수신 데이터 없음
890356,0,n7,light,1,수신 데이터 없음
890358,0,n7,light,1,수신 데이터 없음
890360,0,n7,light,1,수신 데이터 없음
890362,0,n7,light,1,수신 데이터 없음
890364,0,n7,light,1,수신 데이터 없음
890366,0,n7,light,1,수신 데이터 없음
890368,0,n7,light,1,수신 데이터 없음
890370,0,n7,light,1,수신 데이터 없음
890372,0,n7,light,1,수신 데이터 없음
890374,0,n7,light,1,수신 데이터 없음
890376,0,n7,light,1,수신 데이터 없음
890378,0,n7,light,1,수신 데이터 없음
890380,0,n7,light,1,수신 데이터 없음
890382,0,n7,light,1,수신 데이터 없음
890384,0,n7,light,1,수신 데이터 없음
890386,0,n7,light,1,수신 데이터 없음
890388,0,n7,light,1,수신 데이터 없음
890390,0,n7,light,1,수신 데이터 없음
890392,0,n7,light,1,수신 데이터 없음
890394,0,n7,light,1,수신 데이터 없음
890396,0,n7,light,1,수신 데이터 없음
890398,0,n7,light,1,수신 데이터 없음
890400,0,n7,light,1,수신 데이터 없음
890402,0,n7,light,1,수신 데이터 없음
890404,0,n7,light,1,수신 데이터 없음
890406,0,n7,light,1,수신 데이터 없음
890408,0,n7,light,1,수신 데이터 없음
890410,0,n7,light,1,수신 데이터 없음
890412,0,n7,light,1,수신 데이터 없음
890414,0,n7,light,1,수신 데이터 없음
890416,0,n7,light,1,수신 데이터 없음
890418,0,n7,light,1,수신 데이터 없음
890420,0,n7,light,1,수신 데이터 없음
890422,0,n7,light,1,수신 데이터 없음
890424,0,n7,light,1,수신 데이터 없음
890426,0,n7,light,1,수신 데이터 없음
890428,0,n7,light,1,수신 데이터 없음
890430,0,n7,light,1,수신 데이터 없음
890432,0,n7,light,1,수신 데이터 없음
890434,0,n7,light,1,수신 데이터 없음
890436,0,n7,light,1,수신 데이터 없음
890438,0,n7,light,1,수신 데이터 없음
890440,0,n7,light,1,수신 데이터 없음
890442,0,n7,light,1,수신 데이터 없음
890444,0,n7,light,1,수신 데이터 없음
890446,0,n7,light,1,수신 데이터 없음
890448,0,n7,light,1,수신 데이터 없음
890450,0,n7,light,1,수신 데이터 없음
890452,0,n7,light,1,수신 데이터 없음
890454,0,n7,light,1,수신 데이터 없음
890456,0,n7,light,1,수신 데이터 없음
890458,0,n7,light,1,수신 데이터 없음
890460,0,n7,light,1,수신 데이터 없음
890462,0,n7,light,1,수신 데이터 없음
890464,0,n7,light,1,수신 데이터 없음
890466,0,n7,light,1,수신 데이터 없음
890468,0,n7,light,1,수신 데이터 없음
890470,0,n7,light,1,수신 데이터 없음
890472,0,n7,light,1,수신 데이터 없음
890474,0,n7,light,1,수신 데이터 없음
890476,0,n7,light,1,수신 데이터 없음
890478,0,n7,light,1,수신 데이터 없음
890480,0,n7,light,1,수신 데이터 없음
890482,0,n7,light,1,수신 데이터 없음
890484,0,n7,light,1,수신 데이터 없음
890486,0,n7,light,1,수신 데이터 없음
890488,0,n7,light,1,수신 데이터 없음
890490,0,n7,light,1,수신 데이터 없음
890492,0,n7,light,1,수신 데이터 없음
890494,0,n7,light,1,수신 데이터 없음
890496,0,n7,light,1,수신 데이터 없음
890498,0,n7,light,1,수신 데이터 없음
890500,0,n7,light,1,수신 데이터 없음
890502,0,n7,light,1,수신 데이터 없음
890504,0,n7,light,1,수신 데이터 없음
890506,0,n7,light,1,수신 데이터 없음
890508,0,n7,light,1,수신 데이터 없음
890510,0,n7,light,1,수신 데이터 없음
890512,0,n7,light,1,수신 데이터 없음
890514,0,n7,light,1,수신 데이터 없음
890516,0,n7,light,1,수신 데이터 없음
890518,0,n7,light,1,수신 데이터 없음
890520,0,n7,light,1,수신 데이터 없음
890522,0,n7,light,1,수신 데이터 없음
890524,0,n7,light,1,수신 데이터 없음
890526,0,n7,light,1,수신 데이터 없음
890528,0,n7,light,1,수신 데이터 없음
890530,0,n7,light,1,수신 데이터 없음
890532,0,n7,light,1,수신 데이터 없음
890534,0,n7,light,1,수신 데이터 없음
890536,0,n7,light,1,수신 데이터 없음
890538,0,n7,light,1,수신 데이터 없음
890540,0,n7,light,1,수신 데이터 없음
890542,0,n7,light,1,수신 데이터 없음
890544,0,n7,light,1,수신 데이터 없음
890546,0,n7,light,1,수신 데이터 없음
890548,0,n7,light,1,수신 데이터 없음
890550,0,n7,light,1,수신 데이터 없음
890552,0,n7,light,1,수신 데이터 없음
890554,0,n7,light,1,수신 데이터 없음
890556,0,n7,light,1,수신 데이터 없음
890558,0,n7,light,1,수신 데이터 없음
890560,0,n7,light,1,수신 데이터 없음
890562,0,n7,light,1,수신 데이터 없음
890564,0,n7,light,1,수신 데이터 없음
890566,0,n7,light,1,수신 데이터 없음
890568,0,n7,light,1,수신 데이터 없음
890570,0,n7,light,1,수신 데이터 없음
890572,0,n7,light,1,수신 데이터 없음
890574,0,n7,light,1,수신 데이터 없음
890576,0,n7,light,1,수신 데이터 없음
890578,0,n7,light,1,수신 데이터 없음
890580,0,n7,light,1,수신 데이터 없음
890582,0,n7,light,1,수신 데이터 없음
890584,0,n7,light,1,수신 데이터 없음
890586,0,n7,light,1,수신 데이터 없음
890588,0,n7,light,1,수신 데이터 없음
890590,0,n7,light,1,수신 데이터 없음
890592,0,n7,light,1,수신 데이터 없음
890594,0,n7,light,1,수신 데이터 없음
890596,0,n7,light,1,수신 데이터 없음
890598,0,n7,light,1,수신 데이터 없음
890600,0,n7,light,1,수신 데이터 없음
890602,0,n7,light,1,수신 데이터 없음
890604,0,n7,light,1,수신 데이터 없음
890606,0,n7,light,1,수신 데이터 없음
890608,0,n7,light,1,수신 데이터 없음
890610,0,n7,light,1,수신 데이터 없음
890612,0,n7,light,1,수신 데이터 없음
890614,0,n7,light,1,수신 데이터 없음
890616,0,n7,light,1,수신 데이터 없음
890618,0,n7,light,1,수신 데이터 없음
890620,0,n7,light,1,수신 데이터 없음
890622,0,n7,light,1,수신 데이터 없음
890624,0,n7,light,1,수신 데이터 없음
890626,0,n7,light,1,수신 데이터 없음
890628,0,n7,light,1,수신 데이터 없음
890630,0,n7,light,1,수신 데이터 없음
890632,0,n7,light,1,수신 데이터 없음
890634,0,n7,light,1,수신 데이터 없음
890636,0,n7,light,1,수신 데이터 없음
890638,0,n7,light,1,수신 데이터 없음
890640,0,n7,light,1,수신 데이터 없음
890642,0,n7,light,1,수신 데이터 없음
890644,0,n7,light,1,수신 데이터 없음
890646,0,n7,light,1,수신 데이터 없음
890648,0,n7,light,1,수신 데이터 없음
890650,0,n7,light,1,수신 데이터 없음
890652,0,n7,light,1,수신 데이터 없음
890654,0,n7,light,1,수신 데이터 없음
890656,0,n7,light,1,수신 데이터 없음
890658,0,n7,light,1,수신 데이터 없음
890660,0,n7,light,1,수신 데이터 없음
890662,0,n7,light,1,수신 데이터 없음
890664,0,n7,light,1,수신 데이터 없음
890666,0,n7,light,1,수신 데이터 없음
890668,0,n7,light,1,수신 데이터 없음
890670,0,n7,light,1,수신 데이터 없음
890672,0,n7,light,1,수신 데이터 없음
890674,0,n7,light,1,수신 데이터 없음
890676,0,n7,light,1,수신 데이터 없음
890678,0,n7,light,1,수신 데이터 없음
890680,0,n7,light,1,수신 데이터 없음
890682,0,n7,light,1,수신 데이터 없음
890684,0,n7,light,1,수신 데이터 없음
890686,0,n7,light,1,수신 데이터 없음
890688,0,n7,light,1,수신 데이터 없음
890690,0,n7,light,1,수신 데이터 없음
890692,0,n7,light,1,수신 데이터 없음
890694,0,n7,light,1,수신 데이터 없음
890696,0,n7,light,1,수신 데이터 없음
890698,0,n7,light,1,수신 데이터 없음
890700,0,n7,light,1,수신 데이터 없음
890702,0,n7,light,1,수신 데이터 없음
890704,0,n7,light,1,수신 데이터 없음
890706,0,n7,light,1,수신 데이터 없음
890708,0,n7,light,1,수신 데이터 없음
890710,0,n7,light,1,수신 데이터 없음
890712,0,n7,light,1,수신 데이터 없음
890714,0,n7,light,1,수신 데이터 없음
890716,0,n7,light,1,수신 데이터 없음
890718,0,n7,light,1,수신 데이터 없음
890720,0,n7,light,1,수신 데이터 없음
890722,0,n7,light,1,수신 데이터 없음
890724,0,n7,light,1,수신 데이터 없음
890726,0,n7,light,1,수신 데이터 없음
890728,0,n7,light,1,수신 데이터 없음
890730,0,n7,light,1,수신 데이터 없음
890732,0,n7,light,1,수신 데이터 없음
890734,0,n7,light,1,수신 데이터 없음
890736,0,n7,light,1,수신 데이터 없음
890738,0,n7,light,1,수신 데이터 없음
890740,0,n7,light,1,수신 데이터 없음
890742,0,n7,light,1,수신 데이터 없음
890744,0,n7,light,1,수신 데이터 없음
890746,0,n7,light,1,수신 데이터 없음
890748,0,n7,light,1,수신 데이터 없음
890750,0,n7,light,1,수신 데이터 없음
890752,0,n7,light,1,수신 데이터 없음
890754,0,n7,light,1,수신 데이터 없음
890756,0,n7,light,1,수신 데이터 없음
890758,0,n7,light,1,수신 데이터 없음
890760,0,n7,light,1,수신 데이터 없음
890762,0,n7,light,1,수신 데이터 없음
890764,0,n7,light,1,수신 데이터 없음
890766,0,n7,light,1,수신 데이터 없음
890768,0,n7,light,1,수신 데이터 없음
890770,0,n7,light,1,수신 데이터 없음
890772,0,n7,light,1,수신 데이터 없음
890774,0,n7,light,1,수신 데이터 없음
890776,0,n7,light,1,수신 데이터 없음
890778,0,n7,light,1,수신 데이터 없음
890780,0,n7,light,1,수신 데이터 없음
890782,0,n7,light,1,수신 데이터 없음
890784,0,n7,light,1,수신 데이터 없음
890786,0,n7,light,1,수신 데이터 없음
890788,0,n7,light,1,수신 데이터 없음
890790,0,n7,light,1,수신 데이터 없음
890792,0,n7,light,1,수신 데이터 없음
890794,0,n7,light,1,수신 데이터 없음
890796,0,n7,light,1,수신 데이터 없음
890798,0,n7,light,1,수신 데이터 없음
890800,0,n7,light,1,수신 데이터 없음
890802,0,n7,light,1,수신 데이터 없음
890804,0,n7,light,1,수신 데이터 없음
890806,0,n7,light,1,수신 데이터 없음
890808,0,n7,light,1,수신 데이터 없음
890810,0,n7,light,1,수신 데이터 없음
890812,0,n7,light,1,수신 데이터 없음
890814,0,n7,light,1,수신 데이터 없음
890816,0,n7,light,1,수신 데이터 없음
890818,0,n7,light,1,수신 데이터 없음
890820,0,n7,light,1,수신 데이터 없음
890822,0,n7,light,1,수신 데이터 없음
890824,0,n7,light,1,수신 데이터 없음
890826,0,n7,light,1,수신 데이터 없음
890828,0,n7,light,1,수신 데이터 없음
890830,0,n7,light,1,수신 데이터 없음
890832,0,n7,light,1,수신 데이터 없음
890834,0,n7,light,1,수신 데이터 없음
890836,0,n7,light,1,수신 데이터 없음
890838,0,n7,light,1,수신 데이터 없음
890840,0,n7,light,1,수신 데이터 없음
890842,0,n7,light,1,수신 데이터 없음
890844,0,n7,light,1,수신 데이터 없음
890846,0,n7,light,1,수신 데이터 없음
890848,0,n7,light,1,수신 데이터 없음
890850,0,n7,light,1,수신 데이터 없음
890852,0,n7,light,1,수신 데이터 없음
890854,0,n7,light,1,수신 데이터 없음
890856,0,n7,light,1,수신 데이터 없음
890858,0,n7,light,1,수신 데이터 없음
890860,0,n7,light,1,수신 데이터 없음
890862,0,n7,light,1,수신 데이터 없음
890864,0,n7,light,1,수신 데이터 없음
890866,0,n7,light,1,수신 데이터 없음
890868,0,n7,light,1,수신 데이터 없음
890870,0,n7,light,1,수신 데이터 없음
890872,0,n7,light,1,수신 데이터 없음
890874,0,n7,light,1,수신 데이터 없음
890876,0,n7,light,1,수신 데이터 없음
890878,0,n7,light,1,수신 데이터 없음
890880,0,n7,light,1,수신 데이터 없음
890882,0,n7,light,1,수신 데이터 없음
890884,0,n7,light,1,수신 데이터 없음
890886,0,n7,light,1,수신 데이터 없음
890888,0,n7,light,1,수신 데이터 없음
890890,0,n7,light,1,수신 데이터 없음
890892,0,n7,light,1,수신 데이터 없음
890894,0,n7,light,1,수신 데이터 없음
890896,0,n7,light,1,수신 데이터 없음
890898,0,n7,light,1,수신 데이터 없음
890900,0,n7,light,1,수신 데이터 없음
890902,0,n7,light,1,수신 데이터 없음
890904,0,n7,light,1,수신 데이터 없음
890906,0,n7,light,1,수신 데이터 없음
890908,0,n7,light,1,수신 데이터 없음
890910,0,n7,light,1,수신 데이터 없음
890912,0,n7,light,1,수신 데이터 없음
890914,0,n7,light,1,수신 데이터 없음
890916,0,n7,light,1,수신 데이터 없음
890918,0,n7,light,1,수신 데이터 없음
890920,0,n7,light,1,수신 데이터 없음
890922,0,n7,light,1,수신 데이터 없음
890924,0,n7,light,1,수신 데이터 없음
890926,0,n7,light,1,수신 데이터 없음
890928,0,n7,light,1,수신 데이터 없음
890930,0,n7,light,1,수신 데이터 없음
890932,0,n7,light,1,수신 데이터 없음
890934,0,n7,light,1,수신 데이터 없음
890936,0,n7,light,1,수신 데이터 없음
890938,0,n7,light,1,수신 데이터 없음
890940,0,n7,light,1,수신 데이터 없음
890942,0,n7,light,1,수신 데이터 없음
890944,0,n7,light,1,수신 데이터 없음
890946,0,n7,light,1,수신 데이터 없음
890948,0,n7,light,1,수신 데이터 없음
890950,0,n7,light,1,수신 데이터 없음
890952,0,n7,light,1,수신 데이터 없음
890954,0,n7,light,1,수신 데이터 없음
890956,0,n7,light,1,수신 데이터 없음
890958,0,n7,light,1,수신 데이터 없음
890960,0,n7,light,1,수신 데이터 없음
890962,0,n7,light,1,수신 데이터 없음
890964,0,n7,light,1,수신 데이터 없음
890966,0,n7,light,1,수신 데이터 없음
890968,0,n7,light,1,수신 데이터 없음
890970,0,n7,light,1,수신 데이터 없음
890972,0,n7,light,1,수신 데이터 없음
890974,0,n7,light,1,수신 데이터 없음
890976,0,n7,light,1,수신 데이터 없음
890978,0,n7,light,1,수신 데이터 없음
890980,0,n7,light,1,수신 데이터 없음
890982,0,n7,light,1,수신 데이터 없음
890984,0,n7,light,1,수신 데이터 없음
890986,0,n7,light,1,수신 데이터 없음
890988,0,n7,light,1,수신 데이터 없음
890990,0,n7,light,1,수신 데이터 없음
890992,0,n7,light,1,수신 데이터 없음
890994,0,n7,light,1,수신 데이터 없음
890996,0,n7,light,1,수신 데이터 없음
890998,0,n7,light,1,수신 데이터 없음
891000,0,n7,light,1,수신 데이터 없음
891002,0,n7,light,1,수신 데이터 없음
891004,0,n7,light,1,수신 데이터 없음
891006,0,n7,light,1,수신 데이터 없음
891008,0,n7,light,1,수신 데이터 없음
891010,0,n7,light,1,수신 데이터 없음
891012,0,n7,light,1,수신 데이터 없음
891014,0,n7,light,1,수신 데이터 없음
891016,0,n7,light,1,수신 데이터 없음
891018,0,n7,light,1,수신 데이터 없음
891020,0,n7,light,1,수신 데이터 없음
891022,0,n7,light,1,수신 데이터 없음
891024,0,n7,light,1,수신 데이터 없음
891026,0,n7,light,1,수신 데이터 없음
891028,0,n7,light,1,수신 데이터 없음
891030,0,n7,light,1,수신 데이터 없음
891032,0,n7,light,1,수신 데이터 없음
891034,0,n7,light,1,수신 데이터 없음
891036,0,n7,light,1,수신 데이터 없음
891038,0,n7,light,1,수신 데이터 없음
891040,0,n7,light,1,수신 데이터 없음
891042,0,n7,light,1,수신 데이터 없음
891044,0,n7,light,1,수신 데이터 없음
891046,0,n7,light,1,수신 데이터 없음
891048,0,n7,light,1,수신 데이터 없음
891050,0,n7,light,1,수신 데이터 없음
891052,0,n7,light,1,수신 데이터 없음
891054,0,n7,light,1,수신 데이터 없음
891056,0,n7,light,1,수신 데이터 없음
891058,0,n7,light,1,수신 데이터 없음
891060,0,n7,light,1,수신 데이터 없음
891062,0,n7,light,1,수신 데이터 없음
891064,0,n7,light,1,수신 데이터 없음
891066,0,n7,light,1,수신 데이터 없음
891068,0,n7,light,1,수신 데이터 없음
891070,0,n7,light,1,수신 데이터 없음
891072,0,n7,light,1,수신 데이터 없음
891074,0,n7,light,1,수신 데이터 없음
891076,0,n7,light,1,수신 데이터 없음
891078,0,n7,light,1,수신 데이터 없음
891080,0,n7,light,1,수신 데이터 없음
891082,0,n7,light,1,수신 데이터 없음
891084,0,n7,light,1,수신 데이터 없음
891086,0,n7,light,1,수신 데이터 없음
891088,0,n7,light,1,수신 데이터 없음
891090,0,n7,light,1,수신 데이터 없음
891092,0,n7,light,1,수신 데이터 없음
891094,0,n7,light,1,수신 데이터 없음
891096,0,n7,light,1,수신 데이터 없음
891098,0,n7,light,1,수신 데이터 없음
891100,0,n7,light,1,수신 데이터 없음
891102,0,n7,light,1,수신 데이터 없음
891104,0,n7,light,1,수신 데이터 없음
891106,0,n7,light,1,수신 데이터 없음
891108,0,n7,light,1,수신 데이터 없음
891110,0,n7,light,1,수신 데이터 없음
891112,0,n7,light,1,수신 데이터 없음
891114,0,n7,light,1,수신 데이터 없음
891116,0,n7,light,1,수신 데이터 없음
891118,0,n7,light,1,수신 데이터 없음
891120,0,n7,light,1,수신 데이터 없음
891122,0,n7,light,1,수신 데이터 없음
891124,0,n7,light,1,수신 데이터 없음
891126,0,n7,light,1,수신 데이터 없음
891128,0,n7,light,1,수신 데이터 없음
891130,0,n7,light,1,수신 데이터 없음
891132,0,n7,light,1,수신 데이터 없음
891134,0,n7,light,1,수신 데이터 없음
891136,0,n7,light,1,수신 데이터 없음
891138,0,n7,light,1,수신 데이터 없음
891140,0,n7,light,1,수신 데이터 없음
891142,0,n7,light,1,수신 데이터 없음
891144,0,n7,light,1,수신 데이터 없음
891146,0,n7,light,1,수신 데이터 없음
891148,0,n7,light,1,수신 데이터 없음
891150,0,n7,light,1,수신 데이터 없음
891152,0,n7,light,1,수신 데이터 없음
891154,0,n7,light,1,수신 데이터 없음
891156,0,n7,light,1,수신 데이터 없음
891158,0,n7,light,1,수신 데이터 없음
891160,0,n7,light,1,수신 데이터 없음
891162,0,n7,light,1,수신 데이터 없음
891164,0,n7,light,1,수신 데이터 없음
891166,0,n7,light,1,수신 데이터 없음
891168,0,n7,light,1,수신 데이터 없음
891170,0,n7,light,1,수신 데이터 없음
891172,0,n7,light,1,수신 데이터 없음
891174,0,n7,light,1,수신 데이터 없음
891176,0,n7,light,1,수신 데이터 없음
891178,0,n7,light,1,수신 데이터 없음
891180,0,n7,light,1,수신 데이터 없음
891182,0,n7,light,1,수신 데이터 없음
891184,0,n7,light,1,수신 데이터 없음
891186,0,n7,light,1,수신 데이터 없음
891188,0,n7,light,1,수신 데이터 없음
891190,0,n7,light,1,수신 데이터 없음
891192,0,n7,light,1,수신 데이터 없음
891194,0,n7,light,1,수신 데이터 없음
891196,0,n7,light,1,수신 데이터 없음
891198,0,n7,light,1,수신 데이터 없음
891200,0,n7,light,1,수신 데이터 없음
891202,0,n7,light,1,수신 데이터 없음
891204,0,n7,light,1,수신 데이터 없음
891206,0,n7,light,1,수신 데이터 없음
891208,0,n7,light,1,수신 데이터 없음
891210,0,n7,light,1,수신 데이터 없음
891212,0,n7,light,1,수신 데이터 없음
891214,0,n7,light,1,수신 데이터 없음
891216,0,n7,light,1,수신 데이터 없음
891218,0,n7,light,1,수신 데이터 없음
891220,0,n7,light,1,수신 데이터 없음
891222,0,n7,light,1,수신 데이터 없음
891224,0,n7,light,1,수신 데이터 없음
891226,0,n7,light,1,수신 데이터 없음
891228,0,n7,light,1,수신 데이터 없음
891230,0,n7,light,1,수신 데이터 없음
891232,0,n7,light,1,수신 데이터 없음
891234,0,n7,light,1,수신 데이터 없음
891236,0,n7,light,1,수신 데이터 없음
891238,0,n7,light,1,수신 데이터 없음
891240,0,n7,light,1,수신 데이터 없음
891242,0,n7,light,1,수신 데이터 없음
891244,0,n7,light,1,수신 데이터 없음
891246,0,n7,light,1,수신 데이터 없음
891248,0,n7,light,1,수신 데이터 없음
891250,0,n7,light,1,수신 데이터 없음
891252,0,n7,light,1,수신 데이터 없음
891254,0,n7,light,1,수신 데이터 없음
891256,0,n7,light,1,수신 데이터 없음
891258,0,n7,light,1,수신 데이터 없음
891260,0,n7,light,1,수신 데이터 없음
891262,0,n7,light,1,수신 데이터 없음
891264,0,n7,light,1,수신 데이터 없음
891266,0,n7,light,1,수신 데이터 없음
891268,0,n7,light,1,수신 데이터 없음
891270,0,n7,light,1,수신 데이터 없음
891272,0,n7,light,1,수신 데이터 없음
891274,0,n7,light,1,수신 데이터 없음
891276,0,n7,light,1,수신 데이터 없음
891278,0,n7,light,1,수신 데이터 없음
891280,0,n7,light,1,수신 데이터 없음
891282,0,n7,light,1,수신 데이터 없음
891284,0,n7,light,1,수신 데이터 없음
891286,0,n7,light,1,수신 데이터 없음
891288,0,n7,light,1,수신 데이터 없음
891290,0,n7,light,1,수신 데이터 없음
891292,0,n7,light,1,수신 데이터 없음
891294,0,n7,light,1,수신 데이터 없음
891296,0,n7,light,1,수신 데이터 없음
891298,0,n7,light,1,수신 데이터 없음
891300,0,n7,light,1,수신 데이터 없음
891302,0,n7,light,1,수신 데이터 없음
891304,0,n7,light,1,수신 데이터 없음
891306,0,n7,light,1,수신 데이터 없음
891308,0,n7,light,1,수신 데이터 없음
891310,0,n7,light,1,수신 데이터 없음
891312,0,n7,light,1,수신 데이터 없음
891314,0,n7,light,1,수신 데이터 없음
891316,0,n7,light,1,수신 데이터 없음
891318,0,n7,light,1,수신 데이터 없음
891320,0,n7,light,1,수신 데이터 없음
891322,0,n7,light,1,수신 데이터 없음
891324,0,n7,light,1,수신 데이터 없음
891326,0,n7,light,1,수신 데이터 없음
891328,0,n7,light,1,수신 데이터 없음
891330,0,n7,light,1,수신 데이터 없음
891332,0,n7,light,1,수신 데이터 없음
891334,0,n7,light,1,수신 데이터 없음
891336,0,n7,light,1,수신 데이터 없음
891338,0,n7,light,1,수신 데이터 없음
891340,0,n7,light,1,수신 데이터 없음
891342,0,n7,light,1,수신 데이터 없음
891344,0,n7,light,1,수신 데이터 없음
891346,0,n7,light,1,수신 데이터 없음
891348,0,n7,light,1,수신 데이터 없음
891350,0,n7,light,1,수신 데이터 없음
891352,0,n7,light,1,수신 데이터 없음
891354,0,n7,light,1,수신 데이터 없음
891356,0,n7,light,1,수신 데이터 없음
891358,0,n7,light,1,수신 데이터 없음
891360,0,n7,light,1,수신 데이터 없음
891362,0,n7,light,1,수신 데이터 없음
891364,0,n7,light,1,수신 데이터 없음
891366,0,n7,light,1,수신 데이터 없음
891368,0,n7,light,1,수신 데이터 없음
891370,0,n7,light,1,수신 데이터 없음
891372,0,n7,light,1,수신 데이터 없음
891374,0,n7,light,1,수신 데이터 없음
891376,0,n7,light,1,수신 데이터 없음
891378,0,n7,light,1,수신 데이터 없음
891380,0,n7,light,1,수신 데이터 없음
891382,0,n7,light,1,수신 데이터 없음
891384,0,n7,light,1,수신 데이터 없음
891386,0,n7,light,1,수신 데이터 없음
891388,0,n7,light,1,수신 데이터 없음
891390,0,n7,light,1,수신 데이터 없음
891392,0,n7,light,1,수신 데이터 없음
891394,0,n7,light,1,수신 데이터 없음
891396,0,n7,light,1,수신 데이터 없음
891398,0,n7,light,1,수신 데이터 없음
891400,0,n7,light,1,수신 데이터 없음
891402,0,n7,light,1,수신 데이터 없음
891404,0,n7,light,1,수신 데이터 없음
891406,0,n7,light,1,수신 데이터 없음
891408,0,n7,light,1,수신 데이터 없음
891410,0,n7,light,1,수신 데이터 없음
891412,0,n7,light,1,수신 데이터 없음
891414,0,n7,light,1,수신 데이터 없음
891416,0,n7,light,1,수신 데이터 없음
891418,0,n7,light,1,수신 데이터 없음
891420,0,n7,light,1,수신 데이터 없음
891422,0,n7,light,1,수신 데이터 없음
891424,0,n7,light,1,수신 데이터 없음
891426,0,n7,light,1,수신 데이터 없음
891428,0,n7,light,1,수신 데이터 없음
891430,0,n7,light,1,수신 데이터 없음
891432,0,n7,light,1,수신 데이터 없음
891434,0,n7,light,1,수신 데이터 없음
891436,0,n7,light,1,수신 데이터 없음
891438,0,n7,light,1,수신 데이터 없음
891440,0,n7,light,1,수신 데이터 없음
891442,0,n7,light,1,수신 데이터 없음
891444,0,n7,light,1,수신 데이터 없음
891446,0,n7,light,1,수신 데이터 없음
891448,0,n7,light,1,수신 데이터 없음
891450,0,n7,light,1,수신 데이터 없음
891452,0,n7,light,1,수신 데이터 없음
891454,0,n7,light,1,수신 데이터 없음
891456,0,n7,light,1,수신 데이터 없음
891458,0,n7,light,1,수신 데이터 없음
891460,0,n7,light,1,수신 데이터 없음
891462,0,n7,light,1,수신 데이터 없음
891464,0,n7,light,1,수신 데이터 없음
891466,0,n7,light,1,수신 데이터 없음
891468,0,n7,light,1,수신 데이터 없음
891470,0,n7,light,1,수신 데이터 없음
891472,0,n7,light,1,수신 데이터 없음
891474,0,n7,light,1,수신 데이터 없음
891476,0,n7,light,1,수신 데이터 없음
891478,0,n7,light,1,수신 데이터 없음
891480,0,n7,light,1,수신 데이터 없음
891482,0,n7,light,1,수신 데이터 없음
891484,0,n7,light,1,수신 데이터 없음
891486,0,n7,light,1,수신 데이터 없음
891488,0,n7,light,1,수신 데이터 없음
891490,0,n7,light,1,수신 데이터 없음
891492,0,n7,light,1,수신 데이터 없음
891494,0,n7,light,1,수신 데이터 없음
891496,0,n7,light,1,수신 데이터 없음
891498,0,n7,light,1,수신 데이터 없음
891500,0,n7,light,1,수신 데이터 없음
891502,0,n7,light,1,수신 데이터 없음
891504,0,n7,light,1,수신 데이터 없음
891506,0,n7,light,1,수신 데이터 없음
891508,0,n7,light,1,수신 데이터 없음
891510,0,n7,light,1,수신 데이터 없음
891512,0,n7,light,1,수신 데이터 없음
891514,0,n7,light,1,수신 데이터 없음
891516,0,n7,light,1,수신 데이터 없음
891518,0,n7,light,1,수신 데이터 없음
891520,0,n7,light,1,수신 데이터 없음
891522,0,n7,light,1,수신 데이터 없음
891524,0,n7,light,1,수신 데이터 없음
891526,0,n7,light,1,수신 데이터 없음
891528,0,n7,light,1,수신 데이터 없음
891530,0,n7,light,1,수신 데이터 없음
891532,0,n7,light,1,수신 데이터 없음
891534,0,n7,light,1,수신 데이터 없음
891536,0,n7,light,1,수신 데이터 없음
891538,0,n7,light,1,수신 데이터 없음
891540,0,n7,light,1,수신 데이터 없음
891542,0,n7,light,1,수신 데이터 없음
891544,0,n7,light,1,수신 데이터 없음
891546,0,n7,light,1,수신 데이터 없음
891548,0,n7,light,1,수신 데이터 없음
891550,0,n7,light,1,수신 데이터 없음
891552,0,n7,light,1,수신 데이터 없음
891554,0,n7,light,1,수신 데이터 없음
891556,0,n7,light,1,수신 데이터 없음
891558,0,n7,light,1,수신 데이터 없음
891560,0,n7,light,1,수신 데이터 없음
891562,0,n7,light,1,수신 데이터 없음
891564,0,n7,light,1,수신 데이터 없음
891566,0,n7,light,1,수신 데이터 없음
891568,0,n7,light,1,수신 데이터 없음
891570,0,n7,light,1,수신 데이터 없음
891572,0,n7,light,1,수신 데이터 없음
891574,0,n7,light,1,수신 데이터 없음
891576,0,n7,light,1,수신 데이터 없음
891578,0,n7,light,1,수신 데이터 없음
891580,0,n7,light,1,수신 데이터 없음
891582,0,n7,light,1,수신 데이터 없음
891584,0,n7,light,1,수신 데이터 없음
891586,0,n7,light,1,수신 데이터 없음
891588,0,n7,light,1,수신 데이터 없음
891590,0,n7,light,1,수신 데이터 없음
891592,0,n7,light,1,수신 데이터 없음
891594,0,n7,light,1,수신 데이터 없음
891596,0,n7,light,1,수신 데이터 없음
891598,0,n7,light,1,수신 데이터 없음
891600,0,n7,light,1,수신 데이터 없음
891602,0,n7,light,1,수신 데이터 없음
891604,0,n7,light,1,수신 데이터 없음
891606,0,n7,light,1,수신 데이터 없음
891608,0,n7,light,1,수신 데이터 없음
891610,0,n7,light,1,수신 데이터 없음
891612,0,n7,light,1,수신 데이터 없음
891614,0,n7,light,1,수신 데이터 없음
891616,0,n7,light,1,수신 데이터 없음
891618,0,n7,light,1,수신 데이터 없음
891620,0,n7,light,1,수신 데이터 없음
891622,0,n7,light,1,수신 데이터 없음
891624,0,n7,light,1,수신 데이터 없음
891626,0,n7,light,1,수신 데이터 없음
891628,0,n7,light,1,수신 데이터 없음
891630,0,n7,light,1,수신 데이터 없음
891632,0,n7,light,1,수신 데이터 없음
891634,0,n7,light,1,수신 데이터 없음
891636,0,n7,light,1,수신 데이터 없음
891638,0,n7,light,1,수신 데이터 없음
891640,0,n7,light,1,수신 데이터 없음
891642,0,n7,light,1,수신 데이터 없음
891644,0,n7,light,1,수신 데이터 없음
891646,0,n7,light,1,수신 데이터 없음
891648,0,n7,light,1,수신 데이터 없음
891650,0,n7,light,1,수신 데이터 없음
891652,0,n7,light,1,수신 데이터 없음
891654,0,n7,light,1,수신 데이터 없음
891656,0,n7,light,1,수신 데이터 없음
891658,0,n7,light,1,수신 데이터 없음
891660,0,n7,light,1,수신 데이터 없음
891662,0,n7,light,1,수신 데이터 없음
891664,0,n7,light,1,수신 데이터 없음
891666,0,n7,light,1,수신 데이터 없음
891668,0,n7,light,1,수신 데이터 없음
891670,0,n7,light,1,수신 데이터 없음
891672,0,n7,light,1,수신 데이터 없음
891674,0,n7,light,1,수신 데이터 없음
891676,0,n7,light,1,수신 데이터 없음
891678,0,n7,light,1,수신 데이터 없음
891680,0,n7,light,1,수신 데이터 없음
891682,0,n7,light,1,수신 데이터 없음
891684,0,n7,light,1,수신 데이터 없음
891686,0,n7,light,1,수신 데이터 없음
891688,0,n7,light,1,수신 데이터 없음
891690,0,n7,light,1,수신 데이터 없음
891692,0,n7,light,1,수신 데이터 없음
891694,0,n7,light,1,수신 데이터 없음
891696,0,n7,light,1,수신 데이터 없음
891698,0,n7,light,1,수신 데이터 없음
891700,0,n7,light,1,수신 데이터 없음
891702,0,n7,light,1,수신 데이터 없음
891704,0,n7,light,1,수신 데이터 없음
891706,0,n7,light,1,수신 데이터 없음
891708,0,n7,light,1,수신 데이터 없음
891710,0,n7,light,1,수신 데이터 없음
891712,0,n7,light,1,수신 데이터 없음
891714,0,n7,light,1,수신 데이터 없음
891716,0,n7,light,1,수신 데이터 없음
891718,0,n7,light,1,수신 데이터 없음
891720,0,n7,light,1,수신 데이터 없음
891722,0,n7,light,1,수신 데이터 없음
891724,0,n7,light,1,수신 데이터 없음
891726,0,n7,light,1,수신 데이터 없음
891728,0,n7,light,1,수신 데이터 없음
891730,0,n7,light,1,수신 데이터 없음
891732,0,n7,light,1,수신 데이터 없음
891734,0,n7,light,1,수신 데이터 없음
891736,0,n7,light,1,수신 데이터 없음
891738,0,n7,light,1,수신 데이터 없음
891740,0,n7,light,1,수신 데이터 없음
891742,0,n7,light,1,수신 데이터 없음
891744,0,n7,light,1,수신 데이터 없음
891746,0,n7,light,1,수신 데이터 없음
891748,0,n7,light,1,수신 데이터 없음
891750,0,n7,light,1,수신 데이터 없음
891752,0,n7,light,1,수신 데이터 없음
891754,0,n7,light,1,수신 데이터 없음
891756,0,n7,light,1,수신 데이터 없음
891758,0,n7,light,1,수신 데이터 없음
891760,0,n7,light,1,수신 데이터 없음
891762,0,n7,light,1,수신 데이터 없음
891764,0,n7,light,1,수신 데이터 없음
891766,0,n7,light,1,수신 데이터 없음
891768,0,n7,light,1,수신 데이터 없음
891770,0,n7,light,1,수신 데이터 없음
891772,0,n7,light,1,수신 데이터 없음
891774,0,n7,light,1,수신 데이터 없음
891776,0,n7,light,1,수신 데이터 없음
891778,0,n7,light,1,수신 데이터 없음
891780,0,n7,light,1,수신 데이터 없음
891782,0,n7,light,1,수신 데이터 없음
891784,0,n7,light,1,수신 데이터 없음
891786,0,n7,light,1,수신 데이터 없음
891788,0,n7,light,1,수신 데이터 없음
891790,0,n7,light,1,수신 데이터 없음
891792,0,n7,light,1,수신 데이터 없음
891794,0,n7,light,1,수신 데이터 없음
891796,0,n7,light,1,수신 데이터 없음
891798,0,n7,light,1,수신 데이터 없음
891800,0,n7,light,1,수신 데이터 없음
891802,0,n7,light,1,수신 데이터 없음
891804,0,n7,light,1,수신 데이터 없음
891806,0,n7,light,1,수신 데이터 없음
891808,0,n7,light,1,수신 데이터 없음
891810,0,n7,light,1,수신 데이터 없음
891812,0,n7,light,1,수신 데이터 없음
891814,0,n7,light,1,수신 데이터 없음
891816,0,n7,light,1,수신 데이터 없음
891818,0,n7,light,1,수신 데이터 없음
891820,0,n7,light,1,수신 데이터 없음
891822,0,n7,light,1,수신 데이터 없음
891824,0,n7,light,1,수신 데이터 없음
891826,0,n7,light,1,수신 데이터 없음
891828,0,n7,light,1,수신 데이터 없음
891830,0,n7,light,1,수신 데이터 없음
891832,0,n7,light,1,수신 데이터 없음
891834,0,n7,light,1,수신 데이터 없음
891836,0,n7,light,1,수신 데이터 없음
891838,0,n7,light,1,수신 데이터 없음
891840,0,n7,light,1,수신 데이터 없음
891842,0,n7,light,1,수신 데이터 없음
891844,0,n7,light,1,수신 데이터 없음
891846,0,n7,light,1,수신 데이터 없음
891848,0,n7,light,1,수신 데이터 없음
891850,0,n7,light,1,수신 데이터 없음
891852,0,n7,light,1,수신 데이터 없음
891854,0,n7,light,1,수신 데이터 없음
891856,0,n7,light,1,수신 데이터 없음
891858,0,n7,light,1,수신 데이터 없음
891860,0,n7,light,1,수신 데이터 없음
891862,0,n7,light,1,수신 데이터 없음
891864,0,n7,light,1,수신 데이터 없음
891866,0,n7,light,1,수신 데이터 없음
891868,0,n7,light,1,수신 데이터 없음
891870,0,n7,light,1,수신 데이터 없음
891872,0,n7,light,1,수신 데이터 없음
891874,0,n7,light,1,수신 데이터 없음
891876,0,n7,light,1,수신 데이터 없음
891878,0,n7,light,1,수신 데이터 없음
891880,0,n7,light,1,수신 데이터 없음
891882,0,n7,light,1,수신 데이터 없음
891884,0,n7,light,1,수신 데이터 없음
891886,0,n7,light,1,수신 데이터 없음
891888,0,n7,light,1,수신 데이터 없음
891890,0,n7,light,1,수신 데이터 없음
891892,0,n7,light,1,수신 데이터 없음
891894,0,n7,light,1,수신 데이터 없음
891896,0,n7,light,1,수신 데이터 없음
891898,0,n7,light,1,수신 데이터 없음
891900,0,n7,light,1,수신 데이터 없음
891902,0,n7,light,1,수신 데이터 없음
891904,0,n7,light,1,수신 데이터 없음
891906,0,n7,light,1,수신 데이터 없음
891908,0,n7,light,1,수신 데이터 없음
891910,0,n7,light,1,수신 데이터 없음
891912,0,n7,light,1,수신 데이터 없음
891914,0,n7,light,1,수신 데이터 없음
891916,0,n7,light,1,수신 데이터 없음
891918,0,n7,light,1,수신 데이터 없음
891920,0,n7,light,1,수신 데이터 없음
891922,0,n7,light,1,수신 데이터 없음
891924,0,n7,light,1,수신 데이터 없음
891926,0,n7,light,1,수신 데이터 없음
891928,0,n7,light,1,수신 데이터 없음
891930,0,n7,light,1,수신 데이터 없음
891932,0,n7,light,1,수신 데이터 없음
891934,0,n7,light,1,수신 데이터 없음
891936,0,n7,light,1,수신 데이터 없음
891938,0,n7,light,1,수신 데이터 없음
891940,0,n7,light,1,수신 데이터 없음
891942,0,n7,light,1,수신 데이터 없음
891944,0,n7,light,1,수신 데이터 없음
891946,0,n7,light,1,수신 데이터 없음
891948,0,n7,light,1,수신 데이터 없음
891950,0,n7,light,1,수신 데이터 없음
891952,0,n7,light,1,수신 데이터 없음
891954,0,n7,light,1,수신 데이터 없음
891956,0,n7,light,1,수신 데이터 없음
891958,0,n7,light,1,수신 데이터 없음
891960,0,n7,light,1,수신 데이터 없음
891962,0,n7,light,1,수신 데이터 없음
891964,0,n7,light,1,수신 데이터 없음
891966,0,n7,light,1,수신 데이터 없음
891968,0,n7,light,1,수신 데이터 없음
891970,0,n7,light,1,수신 데이터 없음
891972,0,n7,light,1,수신 데이터 없음
891974,0,n7,light,1,수신 데이터 없음
891976,0,n7,light,1,수신 데이터 없음
891978,0,n7,light,1,수신 데이터 없음
891980,0,n7,light,1,수신 데이터 없음
891982,0,n7,light,1,수신 데이터 없음
891984,0,n7,light,1,수신 데이터 없음
891986,0,n7,light,1,수신 데이터 없음
891988,0,n7,light,1,수신 데이터 없음
891990,0,n7,light,1,수신 데이터 없음
891992,0,n7,light,1,수신 데이터 없음
891994,0,n7,light,1,수신 데이터 없음
891996,0,n7,light,1,수신 데이터 없음
891998,0,n7,light,1,수신 데이터 없음
892000,0,n7,light,1,수신 데이터 없음
892002,0,n7,light,1,수신 데이터 없음
892004,0,n7,light,1,수신 데이터 없음
892006,0,n7,light,1,수신 데이터 없음
892008,0,n7,light,1,수신 데이터 없음
892010,0,n7,light,1,수신 데이터 없음
892012,0,n7,light,1,수신 데이터 없음
892014,0,n7,light,1,수신 데이터 없음
892016,0,n7,light,1,수신 데이터 없음
892018,0,n7,light,1,수신 데이터 없음
892020,0,n7,light,1,수신 데이터 없음
892022,0,n7,light,1,수신 데이터 없음
892024,0,n7,light,1,수신 데이터 없음
892026,0,n7,light,1,수신 데이터 없음
892028,0,n7,light,1,수신 데이터 없음
892030,0,n7,light,1,수신 데이터 없음
892032,0,n7,light,1,수신 데이터 없음
892034,0,n7,light,1,수신 데이터 없음
892036,0,n7,light,1,수신 데이터 없음
892038,0,n7,light,1,수신 데이터 없음
892040,0,n7,light,1,수신 데이터 없음
892042,0,n7,light,1,수신 데이터 없음
892044,0,n7,light,1,수신 데이터 없음
892046,0,n7,light,1,수신 데이터 없음
892048,0,n7,light,1,수신 데이터 없음
892050,0,n7,light,1,수신 데이터 없음
892052,0,n7,light,1,수신 데이터 없음
892054,0,n7,light,1,수신 데이터 없음
892056,0,n7,light,1,수신 데이터 없음
892058,0,n7,light,1,수신 데이터 없음
892060,0,n7,light,1,수신 데이터 없음
892062,0,n7,light,1,수신 데이터 없음
892064,0,n7,light,1,수신 데이터 없음
892066,0,n7,light,1,수신 데이터 없음
892068,0,n7,light,1,수신 데이터 없음
892070,0,n7,light,1,수신 데이터 없음
892072,0,n7,light,1,수신 데이터 없음
892074,0,n7,light,1,수신 데이터 없음
892076,0,n7,light,1,수신 데이터 없음
892078,0,n7,light,1,수신 데이터 없음
892080,0,n7,light,1,수신 데이터 없음
892082,0,n7,light,1,수신 데이터 없음
892084,0,n7,light,1,수신 데이터 없음
892086,0,n7,light,1,수신 데이터 없음
892088,0,n7,light,1,수신 데이터 없음
892090,0,n7,light,1,수신 데이터 없음
892092,0,n7,light,1,수신 데이터 없음
892094,0,n7,light,1,수신 데이터 없음
892096,0,n7,light,1,수신 데이터 없음
892098,0,n7,light,1,수신 데이터 없음
892100,0,n7,light,1,수신 데이터 없음
892102,0,n7,light,1,수신 데이터 없음
892104,0,n7,light,1,수신 데이터 없음
892106,0,n7,light,1,수신 데이터 없음
892108,0,n7,light,1,수신 데이터 없음
892110,0,n7,light,1,수신 데이터 없음
892112,0,n7,light,1,수신 데이터 없음
892114,0,n7,light,1,수신 데이터 없음
892116,0,n7,light,1,수신 데이터 없음
892118,0,n7,light,1,수신 데이터 없음
892120,0,n7,light,1,수신 데이터 없음
892122,0,n7,light,1,수신 데이터 없음
892124,0,n7,light,1,수신 데이터 없음
892126,0,n7,light,1,수신 데이터 없음
892128,0,n7,light,1,수신 데이터 없음
892130,0,n7,light,1,수신 데이터 없음
892132,0,n7,light,1,수신 데이터 없음
892134,0,n7,light,1,수신 데이터 없음
892136,0,n7,light,1,수신 데이터 없음
892138,0,n7,light,1,수신 데이터 없음
892140,0,n7,light,1,수신 데이터 없음
892142,0,n7,light,1,수신 데이터 없음
892144,0,n7,light,1,수신 데이터 없음
892146,0,n7,light,1,수신 데이터 없음
892148,0,n7,light,1,수신 데이터 없음
892150,0,n7,light,1,수신 데이터 없음
892152,0,n7,light,1,수신 데이터 없음
892154,0,n7,light,1,수신 데이터 없음
892156,0,n7,light,1,수신 데이터 없음
892158,0,n7,light,1,수신 데이터 없음
892160,0,n7,light,1,수신 데이터 없음
892162,0,n7,light,1,수신 데이터 없음
892164,0,n7,light,1,수신 데이터 없음
892166,0,n7,light,1,수신 데이터 없음
892168,0,n7,light,1,수신 데이터 없음
892170,0,n7,light,1,수신 데이터 없음
892172,0,n7,light,1,수신 데이터 없음
892174,0,n7,light,1,수신 데이터 없음
892176,0,n7,light,1,수신 데이터 없음
892178,0,n7,light,1,수신 데이터 없음
892180,0,n7,light,1,수신 데이터 없음
892182,0,n7,light,1,수신 데이터 없음
892184,0,n7,light,1,수신 데이터 없음
892186,0,n7,light,1,수신 데이터 없음
892188,0,n7,light,1,수신 데이터 없음
892190,0,n7,light,1,수신 데이터 없음
892192,0,n7,light,1,수신 데이터 없음
892194,0,n7,light,1,수신 데이터 없음
892196,0,n7,light,1,수신 데이터 없음
892198,0,n7,light,1,수신 데이터 없음
892200,0,n7,light,1,수신 데이터 없음
892202,0,n7,light,1,수신 데이터 없음
892204,0,n7,light,1,수신 데이터 없음
892206,0,n7,light,1,수신 데이터 없음
892208,0,n7,light,1,수신 데이터 없음
892210,0,n7,light,1,수신 데이터 없음
892212,0,n7,light,1,수신 데이터 없음
892214,0,n7,light,1,수신 데이터 없음
892216,0,n7,light,1,수신 데이터 없음
892218,0,n7,light,1,수신 데이터 없음
892220,0,n7,light,1,수신 데이터 없음
892222,0,n7,light,1,수신 데이터 없음
892224,0,n7,light,1,수신 데이터 없음
892226,0,n7,light,1,수신 데이터 없음
892228,0,n7,light,1,수신 데이터 없음
892230,0,n7,light,1,수신 데이터 없음
892232,0,n7,light,1,수신 데이터 없음
892234,0,n7,light,1,수신 데이터 없음
892236,0,n7,light,1,수신 데이터 없음
892238,0,n7,light,1,수신 데이터 없음
892240,0,n7,light,1,수신 데이터 없음
892242,0,n7,light,1,수신 데이터 없음
892244,0,n7,light,1,수신 데이터 없음
892246,0,n7,light,1,수신 데이터 없음
892248,0,n7,light,1,수신 데이터 없음
892250,0,n7,light,1,수신 데이터 없음
892252,0,n7,light,1,수신 데이터 없음
892254,0,n7,light,1,수신 데이터 없음
892256,0,n7,light,1,수신 데이터 없음
892258,0,n7,light,1,수신 데이터 없음
892260,0,n7,light,1,수신 데이터 없음
892262,0,n7,light,1,수신 데이터 없음
892264,0,n7,light,1,수신 데이터 없음
892266,0,n7,light,1,수신 데이터 없음
892268,0,n7,light,1,수신 데이터 없음
892270,0,n7,light,1,수신 데이터 없음
892272,0,n7,light,1,수신 데이터 없음
892274,0,n7,light,1,수신 데이터 없음
892276,0,n7,light,1,수신 데이터 없음
892278,0,n7,light,1,수신 데이터 없음
892280,0,n7,light,1,수신 데이터 없음
892282,0,n7,light,1,수신 데이터 없음
892284,0,n7,light,1,수신 데이터 없음
892286,0,n7,light,1,수신 데이터 없음
892288,0,n7,light,1,수신 데이터 없음
892290,0,n7,light,1,수신 데이터 없음
892292,0,n7,light,1,수신 데이터 없음
892294,0,n7,light,1,수신 데이터 없음
892296,0,n7,light,1,수신 데이터 없음
892298,0,n7,light,1,수신 데이터 없음
892300,0,n7,light,1,수신 데이터 없음
892302,0,n7,light,1,수신 데이터 없음
892304,0,n7,light,1,수신 데이터 없음
892306,0,n7,light,1,수신 데이터 없음
892308,0,n7,light,1,수신 데이터 없음
892310,0,n7,light,1,수신 데이터 없음
892312,0,n7,light,1,수신 데이터 없음
892314,0,n7,light,1,수신 데이터 없음
892316,0,n7,light,1,수신 데이터 없음
892318,0,n7,light,1,수신 데이터 없음
892320,0,n7,light,1,수신 데이터 없음
892322,0,n7,light,1,수신 데이터 없음
892324,0,n7,light,1,수신 데이터 없음
892326,0,n7,light,1,수신 데이터 없음
892328,0,n7,light,1,수신 데이터 없음
892330,0,n7,light,1,수신 데이터 없음
892332,0,n7,light,1,수신 데이터 없음
892334,0,n7,light,1,수신 데이터 없음
892336,0,n7,light,1,수신 데이터 없음
892338,0,n7,light,1,수신 데이터 없음
892340,0,n7,light,1,수신 데이터 없음
892342,0,n7,light,1,수신 데이터 없음
892344,0,n7,light,1,수신 데이터 없음
892346,0,n7,light,1,수신 데이터 없음
892348,0,n7,light,1,수신 데이터 없음
892350,0,n7,light,1,수신 데이터 없음
892352,0,n7,light,1,수신 데이터 없음
892354,0,n7,light,1,수신 데이터 없음
892356,0,n7,light,1,수신 데이터 없음
892358,0,n7,light,1,수신 데이터 없음
892360,0,n7,light,1,수신 데이터 없음
892362,0,n7,light,1,수신 데이터 없음
892364,0,n7,light,1,수신 데이터 없음
892366,0,n7,light,1,수신 데이터 없음
892368,0,n7,light,1,수신 데이터 없음
892370,0,n7,light,1,수신 데이터 없음
892372,0,n7,light,1,수신 데이터 없음
892374,0,n7,light,1,수신 데이터 없음
892376,0,n7,light,1,수신 데이터 없음
892378,0,n7,light,1,수신 데이터 없음
892380,0,n7,light,1,수신 데이터 없음
892382,0,n7,light,1,수신 데이터 없음
892384,0,n7,light,1,수신 데이터 없음
892386,0,n7,light,1,수신 데이터 없음
892388,0,n7,light,1,수신 데이터 없음
892390,0,n7,light,1,수신 데이터 없음
892392,0,n7,light,1,수신 데이터 없음
892394,0,n7,light,1,수신 데이터 없음
892396,0,n7,light,1,수신 데이터 없음
892398,0,n7,light,1,수신 데이터 없음
892400,0,n7,light,1,수신 데이터 없음
892402,0,n7,light,1,수신 데이터 없음
892404,0,n7,light,1,수신 데이터 없음
892406,0,n7,light,1,수신 데이터 없음
892408,0,n7,light,1,수신 데이터 없음
892410,0,n7,light,1,수신 데이터 없음
892412,0,n7,light,1,수신 데이터 없음
892414,0,n7,light,1,수신 데이터 없음
892416,0,n7,light,1,수신 데이터 없음
892418,0,n7,light,1,수신 데이터 없음
892420,0,n7,light,1,수신 데이터 없음
892422,0,n7,light,1,수신 데이터 없음
892424,0,n7,light,1,수신 데이터 없음
892426,0,n7,light,1,수신 데이터 없음
892428,0,n7,light,1,수신 데이터 없음
892430,0,n7,light,1,수신 데이터 없음
892432,0,n7,light,1,수신 데이터 없음
892434,0,n7,light,1,수신 데이터 없음
892436,0,n7,light,1,수신 데이터 없음
892438,0,n7,light,1,수신 데이터 없음
892440,0,n7,light,1,수신 데이터 없음
892442,0,n7,light,1,수신 데이터 없음
892444,0,n7,light,1,수신 데이터 없음
892446,0,n7,light,1,수신 데이터 없음
892448,0,n7,light,1,수신 데이터 없음
892450,0,n7,light,1,수신 데이터 없음
892452,0,n7,light,1,수신 데이터 없음
892454,0,n7,light,1,수신 데이터 없음
892456,0,n7,light,1,수신 데이터 없음
892458,0,n7,light,1,수신 데이터 없음
892460,0,n7,light,1,수신 데이터 없음
892462,0,n7,light,1,수신 데이터 없음
892464,0,n7,light,1,수신 데이터 없음
892466,0,n7,light,1,수신 데이터 없음
892468,0,n7,light,1,수신 데이터 없음
892470,0,n7,light,1,수신 데이터 없음
892472,0,n7,light,1,수신 데이터 없음
892474,0,n7,light,1,수신 데이터 없음
892476,0,n7,light,1,수신 데이터 없음
892478,0,n7,light,1,수신 데이터 없음
892480,0,n7,light,1,수신 데이터 없음
892482,0,n7,light,1,수신 데이터 없음
892484,0,n7,light,1,수신 데이터 없음
892486,0,n7,light,1,수신 데이터 없음
892488,0,n7,light,1,수신 데이터 없음
892490,0,n7,light,1,수신 데이터 없음
892492,0,n7,light,1,수신 데이터 없음
892494,0,n7,light,1,수신 데이터 없음
892496,0,n7,light,1,수신 데이터 없음
892498,0,n7,light,1,수신 데이터 없음
892500,0,n7,light,1,수신 데이터 없음
892502,0,n7,light,1,수신 데이터 없음
892504,0,n7,light,1,수신 데이터 없음
892506,0,n7,light,1,수신 데이터 없음
892508,0,n7,light,1,수신 데이터 없음
892510,0,n7,light,1,수신 데이터 없음
892512,0,n7,light,1,수신 데이터 없음
892514,0,n7,light,1,수신 데이터 없음
892516,0,n7,light,1,수신 데이터 없음
892518,0,n7,light,1,수신 데이터 없음
892520,0,n7,light,1,수신 데이터 없음
892522,0,n7,light,1,수신 데이터 없음
892524,0,n7,light,1,수신 데이터 없음
892526,0,n7,light,1,수신 데이터 없음
892528,0,n7,light,1,수신 데이터 없음
892530,0,n7,light,1,수신 데이터 없음
892532,0,n7,light,1,수신 데이터 없음
892534,0,n7,light,1,수신 데이터 없음
892536,0,n7,light,1,수신 데이터 없음
892538,0,n7,light,1,수신 데이터 없음
892540,0,n7,light,1,수신 데이터 없음
892542,0,n7,light,1,수신 데이터 없음
892544,0,n7,light,1,수신 데이터 없음
892546,0,n7,light,1,수신 데이터 없음
892548,0,n7,light,1,수신 데이터 없음
892550,0,n7,light,1,수신 데이터 없음
892552,0,n7,light,1,수신 데이터 없음
892554,0,n7,light,1,수신 데이터 없음
892556,0,n7,light,1,수신 데이터 없음
892558,0,n7,light,1,수신 데이터 없음
892560,0,n7,light,1,수신 데이터 없음
892562,0,n7,light,1,수신 데이터 없음
892564,0,n7,light,1,수신 데이터 없음
892566,0,n7,light,1,수신 데이터 없음
892568,0,n7,light,1,수신 데이터 없음
892570,0,n7,light,1,수신 데이터 없음
892572,0,n7,light,1,수신 데이터 없음
892574,0,n7,light,1,수신 데이터 없음
892576,0,n7,light,1,수신 데이터 없음
892578,0,n7,light,1,수신 데이터 없음
892580,0,n7,light,1,수신 데이터 없음
892582,0,n7,light,1,수신 데이터 없음
892584,0,n7,light,1,수신 데이터 없음
892586,0,n7,light,1,수신 데이터 없음
892588,0,n7,light,1,수신 데이터 없음
892590,0,n7,light,1,수신 데이터 없음
892592,0,n7,light,1,수신 데이터 없음
892594,0,n7,light,1,수신 데이터 없음
892596,0,n7,light,1,수신 데이터 없음
892598,0,n7,light,1,수신 데이터 없음
892600,0,n7,light,1,수신 데이터 없음
892602,0,n7,light,1,수신 데이터 없음
892604,0,n7,light,1,수신 데이터 없음
892606,0,n7,light,1,수신 데이터 없음
892608,0,n7,light,1,수신 데이터 없음
892610,0,n7,light,1,수신 데이터 없음
892612,0,n7,light,1,수신 데이터 없음
892614,0,n7,light,1,수신 데이터 없음
892616,0,n7,light,1,수신 데이터 없음
892618,0,n7,light,1,수신 데이터 없음
892620,0,n7,light,1,수신 데이터 없음
892622,0,n7,light,1,수신 데이터 없음
892624,0,n7,light,1,수신 데이터 없음
892626,0,n7,light,1,수신 데이터 없음
892628,0,n7,light,1,수신 데이터 없음
892630,0,n7,light,1,수신 데이터 없음
892632,0,n7,light,1,수신 데이터 없음
892634,0,n7,light,1,수신 데이터 없음
892636,0,n7,light,1,수신 데이터 없음
892638,0,n7,light,1,수신 데이터 없음
892640,0,n7,light,1,수신 데이터 없음
892642,0,n7,light,1,수신 데이터 없음
892644,0,n7,light,1,수신 데이터 없음
892646,0,n7,light,1,수신 데이터 없음
892648,0,n7,light,1,수신 데이터 없음
892650,0,n7,light,1,수신 데이터 없음
892652,0,n7,light,1,수신 데이터 없음
892654,0,n7,light,1,수신 데이터 없음
892656,0,n7,light,1,수신 데이터 없음
892658,0,n7,light,1,수신 데이터 없음
892660,0,n7,light,1,수신 데이터 없음
892662,0,n7,light,1,수신 데이터 없음
892664,0,n7,light,1,수신 데이터 없음
892666,0,n7,light,1,수신 데이터 없음
892668,0,n7,light,1,수신 데이터 없음
892670,0,n7,light,1,수신 데이터 없음
892672,0,n7,light,1,수신 데이터 없음
892674,0,n7,light,1,수신 데이터 없음
892676,0,n7,light,1,수신 데이터 없음
892678,0,n7,light,1,수신 데이터 없음
892680,0,n7,light,1,수신 데이터 없음
892682,0,n7,light,1,수신 데이터 없음
892684,0,n7,light,1,수신 데이터 없음
892686,0,n7,light,1,수신 데이터 없음
892688,0,n7,light,1,수신 데이터 없음
892690,0,n7,light,1,수신 데이터 없음
892692,0,n7,light,1,수신 데이터 없음
892694,0,n7,light,1,수신 데이터 없음
892696,0,n7,light,1,수신 데이터 없음
892698,0,n7,light,1,수신 데이터 없음
892700,0,n7,light,1,수신 데이터 없음
892702,0,n7,light,1,수신 데이터 없음
892704,0,n7,light,1,수신 데이터 없음
892706,0,n7,light,1,수신 데이터 없음
892708,0,n7,light,1,수신 데이터 없음
892710,0,n7,light,1,수신 데이터 없음
892712,0,n7,light,1,수신 데이터 없음
892714,0,n7,light,1,수신 데이터 없음
892716,0,n7,light,1,수신 데이터 없음
892718,0,n7,light,1,수신 데이터 없음
892720,0,n7,light,1,수신 데이터 없음
892722,0,n7,light,1,수신 데이터 없음
892724,0,n7,light,1,수신 데이터 없음
892726,0,n7,light,1,수신 데이터 없음
892728,0,n7,light,1,수신 데이터 없음
892730,0,n7,light,1,수신 데이터 없음
892732,0,n7,light,1,수신 데이터 없음
892734,0,n7,light,1,수신 데이터 없음
892736,0,n7,light,1,수신 데이터 없음
892738,0,n7,light,1,수신 데이터 없음
892740,0,n7,light,1,수신 데이터 없음
892742,0,n7,light,1,수신 데이터 없음
892744,0,n7,light,1,수신 데이터 없음
892746,0,n7,light,1,수신 데이터 없음
892748,0,n7,light,1,수신 데이터 없음
892750,0,n7,light,1,수신 데이터 없음
892752,0,n7,light,1,수신 데이터 없음
892754,0,n7,light,1,수신 데이터 없음
892756,0,n7,light,1,수신 데이터 없음
892758,0,n7,light,1,수신 데이터 없음
892760,0,n7,light,1,수신 데이터 없음
892762,0,n7,light,1,수신 데이터 없음
892764,0,n7,light,1,수신 데이터 없음
892766,0,n7,light,1,수신 데이터 없음
892768,0,n7,light,1,수신 데이터 없음
892770,0,n7,light,1,수신 데이터 없음
892772,0,n7,light,1,수신 데이터 없음
892774,0,n7,light,1,수신 데이터 없음
892776,0,n7,light,1,수신 데이터 없음
892778,0,n7,light,1,수신 데이터 없음
892780,0,n7,light,1,수신 데이터 없음
892782,0,n7,light,1,수신 데이터 없음
892784,0,n7,light,1,수신 데이터 없음
892786,0,n7,light,1,수신 데이터 없음
892788,0,n7,light,1,수신 데이터 없음
892790,0,n7,light,1,수신 데이터 없음
892792,0,n7,light,1,수신 데이터 없음
892794,0,n7,light,1,수신 데이터 없음
892796,0,n7,light,1,수신 데이터 없음
892798,0,n7,light,1,수신 데이터 없음
892800,0,n7,light,1,수신 데이터 없음
892802,0,n7,light,1,수신 데이터 없음
892804,0,n7,light,1,수신 데이터 없음
892806,0,n7,light,1,수신 데이터 없음
892808,0,n7,light,1,수신 데이터 없음
892810,0,n7,light,1,수신 데이터 없음
892812,0,n7,light,1,수신 데이터 없음
892814,0,n7,light,1,수신 데이터 없음
892816,0,n7,light,1,수신 데이터 없음
892818,0,n7,light,1,수신 데이터 없음
892820,0,n7,light,1,수신 데이터 없음
892822,0,n7,light,1,수신 데이터 없음
892824,0,n7,light,1,수신 데이터 없음
892826,0,n7,light,1,수신 데이터 없음
892828,0,n7,light,1,수신 데이터 없음
892830,0,n7,light,1,수신 데이터 없음
892832,0,n7,light,1,수신 데이터 없음
892834,0,n7,light,1,수신 데이터 없음
892836,0,n7,light,1,수신 데이터 없음
892838,0,n7,light,1,수신 데이터 없음
892840,0,n7,light,1,수신 데이터 없음
892842,0,n7,light,1,수신 데이터 없음
892844,0,n7,light,1,수신 데이터 없음
892846,0,n7,light,1,수신 데이터 없음
892848,0,n7,light,1,수신 데이터 없음
892850,0,n7,light,1,수신 데이터 없음
892852,0,n7,light,1,수신 데이터 없음
892854,0,n7,light,1,수신 데이터 없음
892856,0,n7,light,1,수신 데이터 없음
892858,0,n7,light,1,수신 데이터 없음
892860,0,n7,light,1,수신 데이터 없음
892862,0,n7,light,1,수신 데이터 없음
892864,0,n7,light,1,수신 데이터 없음
892866,0,n7,light,1,수신 데이터 없음
892868,0,n7,light,1,수신 데이터 없음
892870,0,n7,light,1,수신 데이터 없음
892872,0,n7,light,1,수신 데이터 없음
892874,0,n7,light,1,수신 데이터 없음
892876,0,n7,light,1,수신 데이터 없음
892878,0,n7,light,1,수신 데이터 없음
892880,0,n7,light,1,수신 데이터 없음
892882,0,n7,light,1,수신 데이터 없음
892884,0,n7,light,1,수신 데이터 없음
892886,0,n7,light,1,수신 데이터 없음
892888,0,n7,light,1,수신 데이터 없음
892890,0,n7,light,1,수신 데이터 없음
892892,0,n7,light,1,수신 데이터 없음
892894,0,n7,light,1,수신 데이터 없음
892896,0,n7,light,1,수신 데이터 없음
892898,0,n7,light,1,수신 데이터 없음
892900,0,n7,light,1,수신 데이터 없음
892902,0,n7,light,1,수신 데이터 없음
892904,0,n7,light,1,수신 데이터 없음
892906,0,n7,light,1,수신 데이터 없음
892908,0,n7,light,1,수신 데이터 없음
892910,0,n7,light,1,수신 데이터 없음
892912,0,n7,light,1,수신 데이터 없음
892914,0,n7,light,1,수신 데이터 없음
892916,0,n7,light,1,수신 데이터 없음
892918,0,n7,light,1,수신 데이터 없음
892920,0,n7,light,1,수신 데이터 없음
892922,0,n7,light,1,수신 데이터 없음
892924,0,n7,light,1,수신 데이터 없음
892926,0,n7,light,1,수신 데이터 없음
892928,0,n7,light,1,수신 데이터 없음
892930,0,n7,light,1,수신 데이터 없음
892932,0,n7,light,1,수신 데이터 없음
892934,0,n7,light,1,수신 데이터 없음
892936,0,n7,light,1,수신 데이터 없음
892938,0,n7,light,1,수신 데이터 없음
892940,0,n7,light,1,수신 데이터 없음
892942,0,n7,light,1,수신 데이터 없음
892944,0,n7,light,1,수신 데이터 없음
892946,0,n7,light,1,수신 데이터 없음
892948,0,n7,light,1,수신 데이터 없음
892950,0,n7,light,1,수신 데이터 없음
892952,0,n7,light,1,수신 데이터 없음
892954,0,n7,light,1,수신 데이터 없음
892956,0,n7,light,1,수신 데이터 없음
892958,0,n7,light,1,수신 데이터 없음
892960,0,n7,light,1,수신 데이터 없음
892962,0,n7,light,1,수신 데이터 없음
892964,0,n7,light,1,수신 데이터 없음
892966,0,n7,light,1,수신 데이터 없음
892968,0,n7,light,1,수신 데이터 없음
892970,0,n7,light,1,수신 데이터 없음
892972,0,n7,light,1,수신 데이터 없음
892974,0,n7,light,1,수신 데이터 없음
892976,0,n7,light,1,수신 데이터 없음
892978,0,n7,light,1,수신 데이터 없음
892980,0,n7,light,1,수신 데이터 없음
892982,0,n7,light,1,수신 데이터 없음
892984,0,n7,light,1,수신 데이터 없음
892986,0,n7,light,1,수신 데이터 없음
892988,0,n7,light,1,수신 데이터 없음
892990,0,n7,light,1,수신 데이터 없음
892992,0,n7,light,1,수신 데이터 없음
892994,0,n7,light,1,수신 데이터 없음
892996,0,n7,light,1,수신 데이터 없음
892998,0,n7,light,1,수신 데이터 없음
893000,0,n7,light,1,수신 데이터 없음
893002,0,n7,light,1,수신 데이터 없음
893004,0,n7,light,1,수신 데이터 없음
893006,0,n7,light,1,수신 데이터 없음
893008,0,n7,light,1,수신 데이터 없음
893010,0,n7,light,1,수신 데이터 없음
893012,0,n7,light,1,수신 데이터 없음
893014,0,n7,light,1,수신 데이터 없음
893016,0,n7,light,1,수신 데이터 없음
893018,0,n7,light,1,수신 데이터 없음
893020,0,n7,light,1,수신 데이터 없음
893022,0,n7,light,1,수신 데이터 없음
893024,0,n7,light,1,수신 데이터 없음
893026,0,n7,light,1,수신 데이터 없음
893028,0,n7,light,1,수신 데이터 없음
893030,0,n7,light,1,수신 데이터 없음
893032,0,n7,light,1,수신 데이터 없음
893034,0,n7,light,1,수신 데이터 없음
893036,0,n7,light,1,수신 데이터 없음
893038,0,n7,light,1,수신 데이터 없음
893040,0,n7,light,1,수신 데이터 없음
893042,0,n7,light,1,수신 데이터 없음
893044,0,n7,light,1,수신 데이터 없음
893046,0,n7,light,1,수신 데이터 없음
893048,0,n7,light,1,수신 데이터 없음
893050,0,n7,light,1,수신 데이터 없음
893052,0,n7,light,1,수신 데이터 없음
893054,0,n7,light,1,수신 데이터 없음
893056,0,n7,light,1,수신 데이터 없음
893058,0,n7,light,1,수신 데이터 없음
893060,0,n7,light,1,수신 데이터 없음
893062,0,n7,light,1,수신 데이터 없음
893064,0,n7,light,1,수신 데이터 없음
893066,0,n7,light,1,수신 데이터 없음
893068,0,n7,light,1,수신 데이터 없음
893070,0,n7,light,1,수신 데이터 없음
893072,0,n7,light,1,수신 데이터 없음
893074,0,n7,light,1,수신 데이터 없음
893076,0,n7,light,1,수신 데이터 없음
893078,0,n7,light,1,수신 데이터 없음
893080,0,n7,light,1,수신 데이터 없음
893082,0,n7,light,1,수신 데이터 없음
893084,0,n7,light,1,수신 데이터 없음
893086,0,n7,light,1,수신 데이터 없음
893088,0,n7,light,1,수신 데이터 없음
893090,0,n7,light,1,수신 데이터 없음
893092,0,n7,light,1,수신 데이터 없음
893094,0,n7,light,1,수신 데이터 없음
893096,0,n7,light,1,수신 데이터 없음
893098,0,n7,light,1,수신 데이터 없음
893100,0,n7,light,1,수신 데이터 없음
893102,0,n7,light,1,수신 데이터 없음
893104,0,n7,light,1,수신 데이터 없음
893106,0,n7,light,1,수신 데이터 없음
893108,0,n7,light,1,수신 데이터 없음
893110,0,n7,light,1,수신 데이터 없음
893112,0,n7,light,1,수신 데이터 없음
893114,0,n7,light,1,수신 데이터 없음
893116,0,n7,light,1,수신 데이터 없음
893118,0,n7,light,1,수신 데이터 없음
893120,0,n7,light,1,수신 데이터 없음
893122,0,n7,light,1,수신 데이터 없음
893124,0,n7,light,1,수신 데이터 없음
893126,0,n7,light,1,수신 데이터 없음
893128,0,n7,light,1,수신 데이터 없음
893130,0,n7,light,1,수신 데이터 없음
893132,0,n7,light,1,수신 데이터 없음
893134,0,n7,light,1,수신 데이터 없음
893136,0,n7,light,1,수신 데이터 없음
893138,0,n7,light,1,수신 데이터 없음
893140,0,n7,light,1,수신 데이터 없음
893142,0,n7,light,1,수신 데이터 없음
893144,0,n7,light,1,수신 데이터 없음
893146,0,n7,light,1,수신 데이터 없음
893148,0,n7,light,1,수신 데이터 없음
893150,0,n7,light,1,수신 데이터 없음
893152,0,n7,light,1,수신 데이터 없음
893154,0,n7,light,1,수신 데이터 없음
893156,0,n7,light,1,수신 데이터 없음
893158,0,n7,light,1,수신 데이터 없음
893160,0,n7,light,1,수신 데이터 없음
893162,0,n7,light,1,수신 데이터 없음
893164,0,n7,light,1,수신 데이터 없음
893166,0,n7,light,1,수신 데이터 없음
893168,0,n7,light,1,수신 데이터 없음
893170,0,n7,light,1,수신 데이터 없음
893172,0,n7,light,1,수신 데이터 없음
893174,0,n7,light,1,수신 데이터 없음
893176,0,n7,light,1,수신 데이터 없음
893178,0,n7,light,1,수신 데이터 없음
893180,0,n7,light,1,수신 데이터 없음
893182,0,n7,light,1,수신 데이터 없음
893184,0,n7,light,1,수신 데이터 없음
893186,0,n7,light,1,수신 데이터 없음
893188,0,n7,light,1,수신 데이터 없음
893190,0,n7,light,1,수신 데이터 없음
893192,0,n7,light,1,수신 데이터 없음
893194,0,n7,light,1,수신 데이터 없음
893196,0,n7,light,1,수신 데이터 없음
893198,0,n7,light,1,수신 데이터 없음
893200,0,n7,light,1,수신 데이터 없음
893202,0,n7,light,1,수신 데이터 없음
893204,0,n7,light,1,수신 데이터 없음
893206,0,n7,light,1,수신 데이터 없음
893208,0,n7,light,1,수신 데이터 없음
893210,0,n7,light,1,수신 데이터 없음
893212,0,n7,light,1,수신 데이터 없음
893214,0,n7,light,1,수신 데이터 없음
893216,0,n7,light,1,수신 데이터 없음
893218,0,n7,light,1,수신 데이터 없음
893220,0,n7,light,1,수신 데이터 없음
893222,0,n7,light,1,수신 데이터 없음
893224,0,n7,light,1,수신 데이터 없음
893226,0,n7,light,1,수신 데이터 없음
893228,0,n7,light,1,수신 데이터 없음
893230,0,n7,light,1,수신 데이터 없음
893232,0,n7,light,1,수신 데이터 없음
893234,0,n7,light,1,수신 데이터 없음
893236,0,n7,light,1,수신 데이터 없음
893238,0,n7,light,1,수신 데이터 없음
893240,0,n7,light,1,수신 데이터 없음
893242,0,n7,light,1,수신 데이터 없음
893244,0,n7,light,1,수신 데이터 없음
893246,0,n7,light,1,수신 데이터 없음
893248,0,n7,light,1,수신 데이터 없음
893250,0,n7,light,1,수신 데이터 없음
