t_ms,raw,subject,gesture
570948,2146,n7,light
570950,2273,n7,light
570952,2391,n7,light
570954,2480,n7,light
570956,2611,n7,light
570958,2704,n7,light
570960,2612,n7,light
570962,2288,n7,light
570964,2199,n7,light
570966,3207,n7,light
570968,3473,n7,light
570970,4095,n7,light
570972,4095,n7,light
570974,4095,n7,light
570976,4095,n7,light
570978,4095,n7,light
570980,4095,n7,light
570982,4095,n7,light
570984,4095,n7,light
570986,4095,n7,light
570988,4095,n7,light
570990,4095,n7,light
570992,4095,n7,light
570994,4095,n7,light
570996,4095,n7,light
570998,3903,n7,light
571000,3776,n7,light
571002,2821,n7,light
571004,2192,n7,light
571006,1563,n7,light
571008,1093,n7,light
571010,879,n7,light
571012,753,n7,light
571014,723,n7,light
571016,688,n7,light
571018,410,n7,light
571020,112,n7,light
571022,0,n7,light
571024,0,n7,light
571026,0,n7,light
571028,0,n7,light
571030,0,n7,light
571032,138,n7,light
571034,16,n7,light
571036,0,n7,light
571038,0,n7,light
571040,0,n7,light
571042,0,n7,light
571044,0,n7,light
571046,0,n7,light
571048,93,n7,light
571050,60,n7,light
571052,0,n7,light
571054,0,n7,light
571056,0,n7,light
571058,0,n7,light
571060,0,n7,light
571062,0,n7,light
571064,61,n7,light
571066,112,n7,light
571068,0,n7,light
571070,0,n7,light
571072,0,n7,light
571074,0,n7,light
571076,0,n7,light
571078,0,n7,light
571080,0,n7,light
571082,134,n7,light
571084,5,n7,light
571086,0,n7,light
571088,0,n7,light
571090,2922,n7,light
571092,2941,n7,light
571094,2931,n7,light
571096,2932,n7,light
571098,2931,n7,light
571100,2933,n7,light
571102,2941,n7,light
571104,2944,n7,light
571106,2945,n7,light
571108,2941,n7,light
571110,2935,n7,light
571112,2931,n7,light
571114,2928,n7,light
571116,2938,n7,light
571118,2940,n7,light
571120,2942,n7,light
571122,2957,n7,light
571124,2948,n7,light
571126,2938,n7,light
571128,2943,n7,light
571130,2940,n7,light
571132,2933,n7,light
571134,2943,n7,light
571136,2948,n7,light
571138,2949,n7,light
571140,2954,n7,light
571142,2943,n7,light
571144,2943,n7,light
571146,2943,n7,light
571148,2940,n7,light
571150,2947,n7,light
571152,2950,n7,light
571154,2957,n7,light
571156,2958,n7,light
571158,2957,n7,light
571160,2949,n7,light
571162,2944,n7,light
571164,2941,n7,light
571166,2947,n7,light
571168,2954,n7,light
571170,2958,n7,light
571172,2963,n7,light
571174,2957,n7,light
571176,2957,n7,light
571178,2913,n7,light
571180,2944,n7,light
571182,2815,n7,light
571184,2791,n7,light
571186,2931,n7,light
571188,2966,n7,light
571190,2965,n7,light
571192,2958,n7,light
571194,2958,n7,light
571196,2958,n7,light
571198,2959,n7,light
571200,2960,n7,light
571202,2966,n7,light
571204,2977,n7,light
571206,2976,n7,light
571208,2962,n7,light
571210,2962,n7,light
571212,2960,n7,light
571214,2957,n7,light
571216,2963,n7,light
571218,2975,n7,light
571220,2974,n7,light
571222,2990,n7,light
571224,2972,n7,light
571226,2970,n7,light
571228,2970,n7,light
571230,2967,n7,light
571232,2966,n7,light
571234,2974,n7,light
571236,2985,n7,light
571238,2979,n7,light
571240,2991,n7,light
571242,2974,n7,light
571244,2977,n7,light
571246,2975,n7,light
571248,2973,n7,light
571250,2975,n7,light
571252,2986,n7,light
571254,2989,n7,light
571256,2970,n7,light
571258,2915,n7,light
571260,2974,n7,light
571262,2962,n7,light
571264,2970,n7,light
571266,2982,n7,light
571268,2650,n7,light
571270,2083,n7,light
571272,1535,n7,light
571274,995,n7,light
571276,784,n7,light
571278,671,n7,light
571280,578,n7,light
571282,640,n7,light
571284,416,n7,light
571286,134,n7,light
571288,2544,n7,light
571290,3005,n7,light
571292,2985,n7,light
571294,2959,n7,light
571296,2943,n7,light
571298,2928,n7,light
571300,2993,n7,light
571302,2992,n7,light
571304,2999,n7,light
571306,2629,n7,light
571308,2949,n7,light
571310,2992,n7,light
571312,2991,n7,light
571314,2990,n7,light
571316,2998,n7,light
571318,2996,n7,light
571320,3005,n7,light
571322,3012,n7,light
571324,3011,n7,light
571326,2999,n7,light
571328,3001,n7,light
571330,2996,n7,light
571332,2992,n7,light
571334,3006,n7,light
571336,3008,n7,light
571338,3013,n7,light
571340,3019,n7,light
571342,3010,n7,light
571344,3013,n7,light
571346,3007,n7,light
571348,3007,n7,light
571350,3009,n7,light
571352,3013,n7,light
571354,2977,n7,light
571356,3018,n7,light
571358,3010,n7,light
571360,3008,n7,light
571362,3003,n7,light
571364,3005,n7,light
571366,3009,n7,light
571368,3019,n7,light
571370,3020,n7,light
571372,3027,n7,light
571374,2987,n7,light
571376,3013,n7,light
571378,3011,n7,light
571380,3013,n7,light
571382,3010,n7,light
571384,3021,n7,light
571386,3024,n7,light
571388,3023,n7,light
571390,3028,n7,light
571392,3023,n7,light
571394,3017,n7,light
571396,3018,n7,light
571398,3012,n7,light
571400,3017,n7,light
571402,3024,n7,light
571404,3029,n7,light
571406,3030,n7,light
571408,3026,n7,light
571410,3027,n7,light
571412,3022,n7,light
571414,3023,n7,light
571416,3023,n7,light
571418,3026,n7,light
571420,3031,n7,light
571422,3049,n7,light
571424,3034,n7,light
571426,3025,n7,light
571428,3026,n7,light
571430,3024,n7,light
571432,3022,n7,light
571434,3033,n7,light
571436,3035,n7,light
571438,3033,n7,light
571440,3047,n7,light
571442,3034,n7,light
571444,3029,n7,light
571446,3028,n7,light
571448,3027,n7,light
571450,3035,n7,light
571452,3044,n7,light
571454,3048,n7,light
571456,3050,n7,light
571458,3035,n7,light
571460,3039,n7,light
571462,3033,n7,light
571464,3025,n7,light
571466,3031,n7,light
571468,3044,n7,light
571470,3047,n7,light
571472,3065,n7,light
571474,3050,n7,light
571476,3038,n7,light
571478,3043,n7,light
571480,3041,n7,light
571482,3038,n7,light
571484,3043,n7,light
571486,3054,n7,light
571488,3053,n7,light
571490,3056,n7,light
571492,3051,n7,light
571494,3046,n7,light
571496,3045,n7,light
571498,3042,n7,light
571500,3049,n7,light
571502,3053,n7,light
571504,3056,n7,light
571506,3056,n7,light
571508,3055,n7,light
571510,3050,n7,light
571512,3046,n7,light
571514,3045,n7,light
571516,3052,n7,light
571518,3051,n7,light
571520,3056,n7,light
571522,3066,n7,light
571524,3055,n7,light
571526,3056,n7,light
571528,3051,n7,light
571530,3055,n7,light
571532,3054,n7,light
571534,3045,n7,light
571536,3059,n7,light
571538,3057,n7,light
571540,3071,n7,light
571542,3059,n7,light
571544,3059,n7,light
571546,3057,n7,light
571548,3056,n7,light
571550,3061,n7,light
571552,3063,n7,light
571554,3070,n7,light
571556,3068,n7,light
571558,3070,n7,light
571560,3056,n7,light
571562,3057,n7,light
571564,3057,n7,light
571566,3058,n7,light
571568,3069,n7,light
571570,3071,n7,light
571572,3091,n7,light
571574,3071,n7,light
571576,3068,n7,light
571578,3065,n7,light
571580,3058,n7,light
571582,3066,n7,light
571584,3069,n7,light
571586,3083,n7,light
571588,3071,n7,light
571590,3084,n7,light
571592,3071,n7,light
571594,3071,n7,light
571596,3067,n7,light
571598,3063,n7,light
571600,3071,n7,light
571602,3086,n7,light
571604,3087,n7,light
571606,3088,n7,light
571608,3087,n7,light
571610,3071,n7,light
571612,3071,n7,light
571614,3065,n7,light
571616,3088,n7,light
571618,3088,n7,light
571620,3071,n7,light
571622,3104,n7,light
571624,3003,n7,light
571626,2556,n7,light
571628,2274,n7,light
571630,2045,n7,light
571632,3001,n7,light
571634,2837,n7,light
571636,3093,n7,light
571638,2795,n7,light
571640,2032,n7,light
571642,1648,n7,light
571644,1429,n7,light
571646,1862,n7,light
571648,1808,n7,light
571650,2765,n7,light
571652,3047,n7,light
571654,2872,n7,light
571656,2255,n7,light
571658,2965,n7,light
571660,2759,n7,light
571662,2774,n7,light
571664,2898,n7,light
571666,3030,n7,light
571668,3102,n7,light
571670,3101,n7,light
571672,3117,n7,light
571674,3103,n7,light
571676,3098,n7,light
571678,3091,n7,light
571680,3088,n7,light
571682,3097,n7,light
571684,3101,n7,light
571686,3106,n7,light
571688,3105,n7,light
571690,3106,n7,light
571692,3099,n7,light
571694,3099,n7,light
571696,3098,n7,light
571698,3091,n7,light
571700,3100,n7,light
571702,3106,n7,light
571704,3113,n7,light
571706,3114,n7,light
571708,3103,n7,light
571710,3097,n7,light
571712,3099,n7,light
571714,3092,n7,light
571716,3104,n7,light
571718,3109,n7,light
571720,3119,n7,light
571722,3125,n7,light
571724,2981,n7,light
571726,3110,n7,light
571728,3105,n7,light
571730,3099,n7,light
571732,3111,n7,light
571734,3114,n7,light
571736,3120,n7,light
571738,3114,n7,light
571740,3123,n7,light
571742,3111,n7,light
571744,3108,n7,light
571746,3107,n7,light
571748,3103,n7,light
571750,3120,n7,light
571752,3120,n7,light
571754,3123,n7,light
571756,3121,n7,light
571758,3125,n7,light
571760,3115,n7,light
571762,3115,n7,light
571764,3111,n7,light
571766,3122,n7,light
571768,3120,n7,light
571770,3131,n7,light
571772,3137,n7,light
571774,3130,n7,light
571776,3119,n7,light
571778,3120,n7,light
571780,3109,n7,light
571782,3120,n7,light
571784,3126,n7,light
571786,3131,n7,light
571788,3133,n7,light
571790,3126,n7,light
571792,3122,n7,light
571794,3120,n7,light
571796,3120,n7,light
571798,3117,n7,light
571800,3122,n7,light
571802,3134,n7,light
571804,3135,n7,light
571806,3136,n7,light
571808,3130,n7,light
571810,3123,n7,light
571812,3120,n7,light
571814,3121,n7,light
571816,3127,n7,light
571818,3133,n7,light
571820,3135,n7,light
571822,3146,n7,light
571824,3137,n7,light
571826,3125,n7,light
571828,3125,n7,light
571830,3120,n7,light
571832,3125,n7,light
571834,3133,n7,light
571836,3137,n7,light
571838,3136,n7,light
571840,3146,n7,light
571842,3135,n7,light
571844,3136,n7,light
571846,3133,n7,light
571848,3125,n7,light
571850,3139,n7,light
571852,3138,n7,light
571854,3149,n7,light
571856,3152,n7,light
571858,3137,n7,light
571860,3142,n7,light
571862,3140,n7,light
571864,3131,n7,light
571866,3131,n7,light
571868,3149,n7,light
571870,3147,n7,light
571872,3177,n7,light
571874,3147,n7,light
571876,3143,n7,light
571878,3145,n7,light
571880,3136,n7,light
571882,3139,n7,light
571884,3149,n7,light
571886,3153,n7,light
571888,3146,n7,light
571890,3154,n7,light
571892,3149,n7,light
571894,3145,n7,light
571896,3139,n7,light
571898,3136,n7,light
571900,3146,n7,light
571902,3147,n7,light
571904,3153,n7,light
571906,3161,n7,light
571908,3147,n7,light
571910,3146,n7,light
571912,3123,n7,light
571914,2841,n7,light
571916,2559,n7,light
571918,2297,n7,light
571920,2128,n7,light
571922,1523,n7,light
571924,1023,n7,light
571926,805,n7,light
571928,685,n7,light
571930,613,n7,light
571932,649,n7,light
571934,423,n7,light
571936,254,n7,light
571938,667,n7,light
571940,3155,n7,light
571942,2898,n7,light
571944,3117,n7,light
571946,3006,n7,light
571948,3146,n7,light
571950,3158,n7,light
571952,3165,n7,light
571954,3151,n7,light
571956,3183,n7,light
571958,3161,n7,light
571960,3144,n7,light
571962,3154,n7,light
571964,3156,n7,light
571966,3159,n7,light
571968,3167,n7,light
571970,3173,n7,light
571972,3184,n7,light
571974,3169,n7,light
571976,3163,n7,light
571978,3162,n7,light
571980,3153,n7,light
571982,3158,n7,light
571984,3169,n7,light
571986,3173,n7,light
571988,3171,n7,light
571990,3178,n7,light
571992,3169,n7,light
571994,3166,n7,light
571996,3170,n7,light
571998,3163,n7,light
572000,3167,n7,light
572002,3175,n7,light
572004,3183,n7,light
572006,3182,n7,light
572008,3175,n7,light
572010,3175,n7,light
572012,3167,n7,light
572014,3167,n7,light
572016,3169,n7,light
572018,3181,n7,light
572020,3183,n7,light
572022,3027,n7,light
572024,3159,n7,light
572026,3183,n7,light
572028,3155,n7,light
572030,3167,n7,light
572032,3164,n7,light
572034,3125,n7,light
572036,3134,n7,light
572038,3184,n7,light
572040,3184,n7,light
572042,3180,n7,light
572044,3174,n7,light
572046,3179,n7,light
572048,3170,n7,light
572050,3184,n7,light
572052,3185,n7,light
572054,3189,n7,light
572056,3193,n7,light
572058,3186,n7,light
572060,3184,n7,light
572062,3178,n7,light
572064,3183,n7,light
572066,3177,n7,light
572068,3188,n7,light
572070,3191,n7,light
572072,3203,n7,light
572074,3189,n7,light
572076,3186,n7,light
572078,3180,n7,light
572080,3179,n7,light
572082,3186,n7,light
572084,3189,n7,light
572086,3190,n7,light
572088,3194,n7,light
572090,3196,n7,light
572092,3184,n7,light
572094,3187,n7,light
572096,3184,n7,light
572098,3183,n7,light
572100,3195,n7,light
572102,3199,n7,light
572104,3200,n7,light
572106,3206,n7,light
572108,3198,n7,light
572110,3194,n7,light
572112,3191,n7,light
572114,3191,n7,light
572116,3191,n7,light
572118,3201,n7,light
572120,3202,n7,light
572122,3214,n7,light
572124,3200,n7,light
572126,3191,n7,light
572128,3199,n7,light
572130,3194,n7,light
572132,3191,n7,light
572134,3202,n7,light
572136,3207,n7,light
572138,3204,n7,light
572140,3210,n7,light
572142,3202,n7,light
572144,3195,n7,light
572146,3199,n7,light
572148,3199,n7,light
572150,3203,n7,light
572152,3207,n7,light
572154,3206,n7,light
572156,3216,n7,light
572158,3207,n7,light
572160,3205,n7,light
572162,3197,n7,light
572164,3201,n7,light
572166,3213,n7,light
572168,3209,n7,light
572170,3215,n7,light
572172,3223,n7,light
572174,3216,n7,light
572176,3207,n7,light
572178,3205,n7,light
572180,3197,n7,light
572182,3211,n7,light
572184,3210,n7,light
572186,3217,n7,light
572188,3216,n7,light
572190,3223,n7,light
572192,3210,n7,light
572194,3207,n7,light
572196,3209,n7,light
572198,3200,n7,light
572200,3210,n7,light
572202,3218,n7,light
572204,3222,n7,light
572206,3230,n7,light
572208,3216,n7,light
572210,3215,n7,light
572212,3207,n7,light
572214,3207,n7,light
572216,3213,n7,light
572218,3217,n7,light
572220,3231,n7,light
572222,3233,n7,light
572224,3216,n7,light
572226,3216,n7,light
572228,3216,n7,light
572230,3203,n7,light
572232,3216,n7,light
572234,3219,n7,light
572236,3229,n7,light
572238,3235,n7,light
572240,3227,n7,light
572242,3218,n7,light
572244,3218,n7,light
572246,3218,n7,light
572248,3216,n7,light
572250,3232,n7,light
572252,3231,n7,light
572254,3229,n7,light
572256,3243,n7,light
572258,3229,n7,light
572260,3227,n7,light
572262,3217,n7,light
572264,3216,n7,light
572266,3221,n7,light
572268,3230,n7,light
572270,3235,n7,light
572272,3238,n7,light
572274,3238,n7,light
572276,3226,n7,light
572278,3226,n7,light
572280,3218,n7,light
572282,3221,n7,light
572284,3229,n7,light
572286,3233,n7,light
572288,3237,n7,light
572290,3233,n7,light
572292,3229,n7,light
572294,3226,n7,light
572296,3229,n7,light
572298,3221,n7,light
572300,3230,n7,light
572302,3236,n7,light
572304,3238,n7,light
572306,3249,n7,light
572308,3239,n7,light
572310,3235,n7,light
572312,3232,n7,light
572314,3223,n7,light
572316,3232,n7,light
572318,3237,n7,light
572320,3248,n7,light
572322,3251,n7,light
572324,3235,n7,light
572326,3239,n7,light
572328,3238,n7,light
572330,3221,n7,light
572332,3232,n7,light
572334,3248,n7,light
572336,3246,n7,light
572338,3262,n7,light
572340,3249,n7,light
572342,3239,n7,light
572344,3235,n7,light
572346,3246,n7,light
572348,3235,n7,light
572350,3241,n7,light
572352,3251,n7,light
572354,3251,n7,light
572356,3261,n7,light
572358,3245,n7,light
572360,3238,n7,light
572362,3243,n7,light
572364,3243,n7,light
572366,3247,n7,light
572368,3245,n7,light
572370,3259,n7,light
572372,3264,n7,light
572374,3249,n7,light
572376,3254,n7,light
572378,3245,n7,light
572380,3238,n7,light
572382,3248,n7,light
572384,3255,n7,light
572386,3255,n7,light
572388,3271,n7,light
572390,3258,n7,light
572392,3252,n7,light
572394,3250,n7,light
572396,3247,n7,light
572398,3247,n7,light
572400,3258,n7,light
572402,3259,n7,light
572404,3264,n7,light
572406,3267,n7,light
572408,3261,n7,light
572410,3251,n7,light
572412,3248,n7,light
572414,3253,n7,light
572416,3253,n7,light
572418,3263,n7,light
572420,3265,n7,light
572422,3266,n7,light
572424,3263,n7,light
572426,3251,n7,light
572428,3253,n7,light
572430,3251,n7,light
572432,3258,n7,light
572434,3264,n7,light
572436,3267,n7,light
572438,3280,n7,light
572440,3269,n7,light
572442,3264,n7,light
572444,3253,n7,light
572446,3260,n7,light
572448,3263,n7,light
572450,3267,n7,light
572452,3275,n7,light
572454,3269,n7,light
572456,3280,n7,light
572458,3271,n7,light
572460,3261,n7,light
572462,3262,n7,light
572464,3262,n7,light
572466,3267,n7,light
572468,3274,n7,light
572470,3279,n7,light
572472,3285,n7,light
572474,3274,n7,light
572476,3268,n7,light
572478,3262,n7,light
572480,3255,n7,light
572482,3268,n7,light
572484,3280,n7,light
572486,3279,n7,light
572488,3292,n7,light
572490,3279,n7,light
572492,3278,n7,light
572494,3278,n7,light
572496,3269,n7,light
572498,3266,n7,light
572500,3271,n7,light
572502,3280,n7,light
572504,3281,n7,light
572506,3290,n7,light
572508,3281,n7,light
572510,3280,n7,light
572512,3269,n7,light
572514,3279,n7,light
572516,3271,n7,light
572518,3276,n7,light
572520,3289,n7,light
572522,3295,n7,light
572524,3284,n7,light
572526,3275,n7,light
572528,3280,n7,light
572530,3267,n7,light
572532,3278,n7,light
572534,3287,n7,light
572536,3285,n7,light
572538,3300,n7,light
572540,3283,n7,light
572542,3273,n7,light
572544,3278,n7,light
572546,3278,n7,light
572548,3270,n7,light
572550,3277,n7,light
572552,3291,n7,light
572554,3292,n7,light
572556,3299,n7,light
572558,3287,n7,light
572560,3291,n7,light
572562,3282,n7,light
572564,3280,n7,light
572566,3282,n7,light
572568,3291,n7,light
572570,3297,n7,light
572572,3301,n7,light
572574,3290,n7,light
572576,3285,n7,light
572578,3285,n7,light
572580,3279,n7,light
572582,3283,n7,light
572584,3297,n7,light
572586,3291,n7,light
572588,3305,n7,light
572590,3296,n7,light
572592,3291,n7,light
572594,3290,n7,light
572596,3285,n7,light
572598,3283,n7,light
572600,3293,n7,light
572602,3299,n7,light
572604,3301,n7,light
572606,3307,n7,light
572608,3291,n7,light
572610,3292,n7,light
572612,3295,n7,light
572614,3290,n7,light
572616,3287,n7,light
572618,3301,n7,light
572620,3301,n7,light
572622,3312,n7,light
572624,3303,n7,light
572626,3298,n7,light
572628,3295,n7,light
572630,3287,n7,light
572632,3293,n7,light
572634,3305,n7,light
572636,3299,n7,light
572638,3318,n7,light
572640,3311,n7,light
572642,3298,n7,light
572644,3302,n7,light
572646,3298,n7,light
572648,3295,n7,light
572650,3312,n7,light
572652,3309,n7,light
572654,3306,n7,light
572656,3312,n7,light
572658,3301,n7,light
572660,3297,n7,light
572662,3298,n7,light
572664,3301,n7,light
572666,3313,n7,light
572668,3314,n7,light
572670,3313,n7,light
572672,3316,n7,light
572674,3313,n7,light
572676,3309,n7,light
572678,3301,n7,light
572680,3293,n7,light
572682,3310,n7,light
572684,3312,n7,light
572686,3312,n7,light
572688,3331,n7,light
572690,3318,n7,light
572692,3306,n7,light
572694,3307,n7,light
572696,3309,n7,light
572698,3307,n7,light
572700,3313,n7,light
572702,3318,n7,light
572704,3319,n7,light
572706,3328,n7,light
572708,3312,n7,light
572710,3312,n7,light
572712,3312,n7,light
572714,3312,n7,light
572716,3311,n7,light
572718,3328,n7,light
572720,3323,n7,light
572722,3326,n7,light
572724,3322,n7,light
572726,3315,n7,light
572728,3309,n7,light
572730,3311,n7,light
572732,3311,n7,light
572734,3322,n7,light
572736,3326,n7,light
572738,3338,n7,light
572740,3323,n7,light
572742,3318,n7,light
572744,3322,n7,light
572746,3314,n7,light
572748,3313,n7,light
572750,3329,n7,light
572752,3327,n7,light
572754,3329,n7,light
572756,3328,n7,light
572758,3327,n7,light
572760,3322,n7,light
572762,3319,n7,light
572764,3313,n7,light
572766,3326,n7,light
572768,3328,n7,light
572770,3334,n7,light
572772,3333,n7,light
572774,3321,n7,light
572776,3323,n7,light
572778,3319,n7,light
572780,3315,n7,light
572782,3328,n7,light
572784,3335,n7,light
572786,3334,n7,light
572788,3349,n7,light
572790,3331,n7,light
572792,3325,n7,light
572794,3323,n7,light
572796,3327,n7,light
572798,3323,n7,light
572800,3333,n7,light
572802,3342,n7,light
572804,3334,n7,light
572806,3343,n7,light
572808,3337,n7,light
572810,3331,n7,light
572812,3327,n7,light
572814,3331,n7,light
572816,3335,n7,light
572818,3335,n7,light
572820,3346,n7,light
572822,3355,n7,light
572824,3344,n7,light
572826,3343,n7,light
572828,3327,n7,light
572830,3325,n7,light
572832,3332,n7,light
572834,3339,n7,light
572836,3344,n7,light
572838,3356,n7,light
572840,3355,n7,light
572842,3344,n7,light
572844,3333,n7,light
572846,3338,n7,light
572848,3339,n7,light
572850,3335,n7,light
572852,3349,n7,light
572854,3348,n7,light
572856,3356,n7,light
572858,3341,n7,light
572860,3335,n7,light
572862,3331,n7,light
572864,3335,n7,light
572866,3334,n7,light
572868,3349,n7,light
572870,3355,n7,light
572872,3349,n7,light
572874,3346,n7,light
572876,3342,n7,light
572878,3333,n7,light
572880,3336,n7,light
572882,3345,n7,light
572884,3344,n7,light
572886,3345,n7,light
572888,3360,n7,light
572890,3357,n7,light
572892,3345,n7,light
572894,3344,n7,light
572896,3344,n7,light
572898,3343,n7,light
572900,3354,n7,light
572902,3358,n7,light
572904,3353,n7,light
572906,3365,n7,light
572908,3354,n7,light
572910,3343,n7,light
572912,3344,n7,light
572914,3343,n7,light
572916,3349,n7,light
572918,3357,n7,light
572920,3359,n7,light
572922,3369,n7,light
572924,3359,n7,light
572926,3351,n7,light
572928,3344,n7,light
572930,3347,n7,light
572932,3353,n7,light
572934,3348,n7,light
572936,3362,n7,light
572938,3374,n7,light
572940,3354,n7,light
572942,3353,n7,light
572944,3357,n7,light
572946,3353,n7,light
572948,3349,n7,light
572950,3357,n7,light
572952,3368,n7,light
572954,3366,n7,light
572956,3367,n7,light
572958,3362,n7,light
572960,3364,n7,light
572962,3352,n7,light
572964,3349,n7,light
572966,3358,n7,light
572968,3366,n7,light
572970,3373,n7,light
572972,3376,n7,light
572974,3362,n7,light
572976,3355,n7,light
572978,3356,n7,light
572980,3347,n7,light
572982,3366,n7,light
572984,3376,n7,light
572986,3371,n7,light
572988,3390,n7,light
572990,3374,n7,light
572992,3370,n7,light
572994,3361,n7,light
572996,3355,n7,light
572998,3361,n7,light
573000,3365,n7,light
573002,3376,n7,light
573004,3374,n7,light
573006,3390,n7,light
573008,3371,n7,light
573010,3362,n7,light
573012,3366,n7,light
573014,3359,n7,light
573016,3365,n7,light
573018,3376,n7,light
573020,3386,n7,light
573022,3383,n7,light
573024,3367,n7,light
573026,3370,n7,light
573028,3370,n7,light
573030,3361,n7,light
573032,3374,n7,light
573034,3376,n7,light
573036,3378,n7,light
573038,3397,n7,light
573040,3374,n7,light
573042,3376,n7,light
573044,3376,n7,light
573046,3363,n7,light
573048,3369,n7,light
573050,3386,n7,light
573052,3388,n7,light
573054,3376,n7,light
573056,3398,n7,light
573058,3376,n7,light
573060,3374,n7,light
573062,3375,n7,light
573064,3367,n7,light
573066,3376,n7,light
573068,3377,n7,light
573070,3388,n7,light
573072,3382,n7,light
573074,3378,n7,light
573076,3376,n7,light
573078,3377,n7,light
573080,3376,n7,light
573082,3377,n7,light
573084,3385,n7,light
573086,3383,n7,light
573088,3405,n7,light
573090,3382,n7,light
573092,3384,n7,light
573094,3377,n7,light
573096,3376,n7,light
573098,3371,n7,light
573100,3387,n7,light
573102,3391,n7,light
573104,3404,n7,light
573106,3389,n7,light
573108,3387,n7,light
573110,3383,n7,light
573112,3383,n7,light
573114,3375,n7,light
573116,3386,n7,light
573118,3397,n7,light
573120,3398,n7,light
573122,3399,n7,light
573124,3394,n7,light
573126,3393,n7,light
573128,3387,n7,light
573130,3386,n7,light
573132,3392,n7,light
573134,3399,n7,light
573136,3389,n7,light
573138,3408,n7,light
573140,3392,n7,light
573142,3387,n7,light
573144,3379,n7,light
573146,3378,n7,light
573148,3383,n7,light
573150,3393,n7,light
573152,3397,n7,light
573154,3403,n7,light
573156,3408,n7,light
573158,3393,n7,light
573160,3391,n7,light
573162,3383,n7,light
573164,3389,n7,light
573166,3390,n7,light
573168,3399,n7,light
573170,3408,n7,light
573172,3407,n7,light
573174,3393,n7,light
573176,3399,n7,light
573178,3392,n7,light
573180,3378,n7,light
573182,3393,n7,light
573184,3394,n7,light
573186,3406,n7,light
573188,3413,n7,light
573190,3405,n7,light
573192,3399,n7,light
573194,3398,n7,light
573196,3390,n7,light
573198,3396,n7,light
573200,3410,n7,light
573202,3408,n7,light
573204,3409,n7,light
573206,3415,n7,light
573208,3404,n7,light
573210,3394,n7,light
573212,3402,n7,light
573214,3390,n7,light
573216,3408,n7,light
573218,3410,n7,light
573220,3413,n7,light
573222,3407,n7,light
573224,3405,n7,light
573226,3402,n7,light
573228,3398,n7,light
573230,3399,n7,light
573232,3399,n7,light
573234,3408,n7,light
573236,3418,n7,light
573238,3426,n7,light
573240,3421,n7,light
573242,3403,n7,light
573244,3408,n7,light
573246,3396,n7,light
573248,3408,n7,light
573250,3411,n7,light
573252,3421,n7,light
573254,3414,n7,light
573256,3423,n7,light
573258,3412,n7,light
573260,3407,n7,light
573262,3408,n7,light
573264,3405,n7,light
573266,3413,n7,light
573268,3423,n7,light
573270,3424,n7,light
573272,3423,n7,light
573274,3420,n7,light
573276,3410,n7,light
573278,3411,n7,light
573280,3411,n7,light
573282,3417,n7,light
573284,3421,n7,light
573286,3422,n7,light
573288,3439,n7,light
573290,3421,n7,light
573292,3406,n7,light
573294,3411,n7,light
573296,3411,n7,light
573298,3411,n7,light
573300,3421,n7,light
573302,3423,n7,light
573304,3431,n7,light
573306,3425,n7,light
573308,3417,n7,light
573310,3421,n7,light
573312,3417,n7,light
573314,3407,n7,light
573316,3414,n7,light
573318,3435,n7,light
573320,3429,n7,light
573322,3426,n7,light
573324,3425,n7,light
573326,3421,n7,light
573328,3415,n7,light
573330,3411,n7,light
573332,3423,n7,light
573334,3430,n7,light
573336,3434,n7,light
573338,3441,n7,light
573340,3424,n7,light
573342,3425,n7,light
573344,3419,n7,light
573346,3414,n7,light
573348,3421,n7,light
573350,3430,n7,light
573352,3430,n7,light
573354,3431,n7,light
573356,3431,n7,light
573358,3426,n7,light
573360,3422,n7,light
573362,3413,n7,light
573364,3410,n7,light
573366,3421,n7,light
573368,3440,n7,light
573370,3440,n7,light
573372,3435,n7,light
573374,3429,n7,light
573376,3419,n7,light
573378,3427,n7,light
573380,3422,n7,light
573382,3425,n7,light
573384,3425,n7,light
573386,3439,n7,light
573388,3440,n7,light
573390,3428,n7,light
573392,3408,n7,light
573394,3431,n7,light
573396,3415,n7,light
573398,3423,n7,light
573400,3434,n7,light
573402,3451,n7,light
573404,3440,n7,light
573406,3451,n7,light
573408,3439,n7,light
573410,3434,n7,light
573412,3433,n7,light
573414,3424,n7,light
573416,3437,n7,light
573418,3445,n7,light
573420,3445,n7,light
573422,3446,n7,light
573424,3440,n7,light
573426,3431,n7,light
573428,3431,n7,light
573430,3429,n7,light
573432,3440,n7,light
573434,3440,n7,light
573436,3447,n7,light
573438,3466,n7,light
573440,3443,n7,light
573442,3440,n7,light
573444,3440,n7,light
573446,3434,n7,light
573448,3440,n7,light
573450,3445,n7,light
573452,3452,n7,light
573454,3456,n7,light
573456,3457,n7,light
573458,3441,n7,light
573460,3438,n7,light
573462,3440,n7,light
573464,3439,n7,light
573466,3440,n7,light
573468,3450,n7,light
573470,3455,n7,light
573472,3455,n7,light
573474,3447,n7,light
573476,3447,n7,light
573478,3440,n7,light
573480,3443,n7,light
573482,3446,n7,light
573484,3461,n7,light
573486,3463,n7,light
573488,3475,n7,light
573490,3451,n7,light
573492,3446,n7,light
573494,3447,n7,light
573496,3437,n7,light
573498,3446,n7,light
573500,3460,n7,light
573502,3459,n7,light
573504,3457,n7,light
573506,3467,n7,light
573508,3461,n7,light
573510,3445,n7,light
573512,3451,n7,light
573514,3441,n7,light
573516,3447,n7,light
573518,3463,n7,light
573520,3471,n7,light
573522,3471,n7,light
573524,3465,n7,light
573526,3449,n7,light
573528,3450,n7,light
573530,3443,n7,light
573532,3447,n7,light
573534,3456,n7,light
573536,3466,n7,light
573538,3477,n7,light
573540,3457,n7,light
573542,3458,n7,light
573544,3455,n7,light
573546,3443,n7,light
573548,3453,n7,light
573550,3471,n7,light
573552,3465,n7,light
573554,3461,n7,light
573556,3463,n7,light
573558,3463,n7,light
573560,3453,n7,light
573562,3461,n7,light
573564,3449,n7,light
573566,3461,n7,light
573568,3471,n7,light
573570,3472,n7,light
573572,3472,n7,light
573574,3463,n7,light
573576,3461,n7,light
573578,3456,n7,light
573580,3457,n7,light
573582,3455,n7,light
573584,3472,n7,light
573586,3472,n7,light
573588,3483,n7,light
573590,3472,n7,light
573592,3461,n7,light
573594,3462,n7,light
573596,3447,n7,light
573598,3455,n7,light
573600,3472,n7,light
573602,3467,n7,light
573604,3473,n7,light
573606,3473,n7,light
573608,3473,n7,light
573610,3458,n7,light
573612,3463,n7,light
573614,3459,n7,light
573616,3464,n7,light
573618,3481,n7,light
573620,3472,n7,light
573622,3485,n7,light
573624,3468,n7,light
573626,3462,n7,light
573628,3461,n7,light
573630,3465,n7,light
573632,3472,n7,light
573634,3467,n7,light
573636,3469,n7,light
573638,3494,n7,light
573640,3481,n7,light
573642,3473,n7,light
573644,3469,n7,light
573646,3462,n7,light
573648,3470,n7,light
573650,3473,n7,light
573652,3478,n7,light
573654,3483,n7,light
573656,3487,n7,light
573658,3478,n7,light
573660,3469,n7,light
573662,3473,n7,light
573664,3472,n7,light
573666,3475,n7,light
573668,3486,n7,light
573670,3487,n7,light
573672,3493,n7,light
573674,3477,n7,light
573676,3475,n7,light
573678,3472,n7,light
573680,3472,n7,light
573682,3479,n7,light
573684,3481,n7,light
573686,3487,n7,light
573688,3501,n7,light
573690,3479,n7,light
573692,3475,n7,light
573694,3477,n7,light
573696,3467,n7,light
573698,3474,n7,light
573700,3483,n7,light
573702,3488,n7,light
573704,3487,n7,light
573706,3472,n7,light
573708,3479,n7,light
573710,3472,n7,light
573712,3469,n7,light
573714,3472,n7,light
573716,3479,n7,light
573718,3489,n7,light
573720,3488,n7,light
573722,3501,n7,light
573724,3487,n7,light
573726,3482,n7,light
573728,3472,n7,light
573730,3486,n7,light
573732,3475,n7,light
573734,3477,n7,light
573736,3499,n7,light
573738,3501,n7,light
573740,3490,n7,light
573742,3490,n7,light
573744,3483,n7,light
573746,3476,n7,light
573748,3495,n7,light
573750,3495,n7,light
573752,3495,n7,light
573754,3504,n7,light
573756,3501,n7,light
573758,3494,n7,light
573760,3488,n7,light
573762,3486,n7,light
573764,3479,n7,light
573766,3501,n7,light
573768,3497,n7,light
573770,3501,n7,light
573772,3510,n7,light
573774,3498,n7,light
573776,3494,n7,light
573778,3489,n7,light
573780,3491,n7,light
573782,3499,n7,light
573784,3501,n7,light
573786,3505,n7,light
573788,3517,n7,light
573790,3500,n7,light
573792,3495,n7,light
573794,3494,n7,light
573796,3484,n7,light
573798,3494,n7,light
573800,3505,n7,light
573802,3504,n7,light
573804,3509,n7,light
573806,3503,n7,light
573808,3493,n7,light
573810,3496,n7,light
573812,3499,n7,light
573814,3493,n7,light
573816,3508,n7,light
573818,3517,n7,light
573820,3510,n7,light
573822,3519,n7,light
573824,3507,n7,light
573826,3498,n7,light
573828,3502,n7,light
573830,3499,n7,light
573832,3504,n7,light
573834,3507,n7,light
573836,3510,n7,light
573838,3519,n7,light
573840,3504,n7,light
573842,3504,n7,light
573844,3502,n7,light
573846,3491,n7,light
573848,3504,n7,light
573850,3506,n7,light
573852,3511,n7,light
573854,3523,n7,light
573856,3515,n7,light
573858,3504,n7,light
573860,3503,n7,light
573862,3503,n7,light
573864,3506,n7,light
573866,3509,n7,light
573868,3519,n7,light
573870,3514,n7,light
573872,3530,n7,light
573874,3512,n7,light
573876,3505,n7,light
573878,3505,n7,light
573880,3511,n7,light
573882,3508,n7,light
573884,3519,n7,light
573886,3526,n7,light
573888,3524,n7,light
573890,3513,n7,light
573892,3513,n7,light
573894,3511,n7,light
573896,3499,n7,light
573898,3517,n7,light
573900,3519,n7,light
573902,3513,n7,light
573904,3525,n7,light
573906,3523,n7,light
573908,3507,n7,light
573910,3507,n7,light
573912,3511,n7,light
573914,3510,n7,light
573916,3519,n7,light
573918,3531,n7,light
573920,3519,n7,light
573922,3522,n7,light
573924,3524,n7,light
573926,3511,n7,light
573928,3511,n7,light
573930,3507,n7,light
573932,3523,n7,light
573934,3527,n7,light
573936,3534,n7,light
573938,3539,n7,light
573940,3529,n7,light
573942,3526,n7,light
573944,3521,n7,light
573946,3504,n7,light
573948,3516,n7,light
573950,3519,n7,light
573952,3531,n7,light
573954,3540,n7,light
573956,3527,n7,light
