t_ms,raw,subject,gesture
1662350,0,s2,grip
1662360,0,s2,grip
1662370,0,s2,grip
1662380,0,s2,grip
1662390,0,s2,grip
1662400,0,s2,grip
1662410,0,s2,grip
1662420,0,s2,grip
1662430,0,s2,grip
1662440,0,s2,grip
1662450,0,s2,grip
1662460,0,s2,grip
1662470,0,s2,grip
1662480,0,s2,grip
1662490,0,s2,grip
1662500,0,s2,grip
1662510,0,s2,grip
1662520,0,s2,grip
1662530,0,s2,grip
1662540,0,s2,grip
1662550,0,s2,grip
1662560,0,s2,grip
1662570,0,s2,grip
1662580,0,s2,grip
1662590,0,s2,grip
1662600,0,s2,grip
1662610,0,s2,grip
1662620,0,s2,grip
1662630,0,s2,grip
1662640,0,s2,grip
1662650,0,s2,grip
1662660,0,s2,grip
1662670,0,s2,grip
1662680,0,s2,grip
1662690,0,s2,grip
1662700,0,s2,grip
1662710,0,s2,grip
1662720,0,s2,grip
1662730,0,s2,grip
1662740,0,s2,grip
1662750,0,s2,grip
1662760,0,s2,grip
1662770,0,s2,grip
1662780,0,s2,grip
1662790,0,s2,grip
1662800,0,s2,grip
1662810,0,s2,grip
1662820,0,s2,grip
1662830,0,s2,grip
1662840,0,s2,grip
1662850,0,s2,grip
1662860,0,s2,grip
1662870,0,s2,grip
1662880,0,s2,grip
1662890,0,s2,grip
1662900,0,s2,grip
1662910,0,s2,grip
1662920,0,s2,grip
1662930,0,s2,grip
1662940,0,s2,grip
1662950,0,s2,grip
1662960,0,s2,grip
1662970,0,s2,grip
1662980,0,s2,grip
1662990,0,s2,grip
1663000,0,s2,grip
1663010,0,s2,grip
1663020,0,s2,grip
1663030,0,s2,grip
1663040,0,s2,grip
1663050,0,s2,grip
1663060,0,s2,grip
1663070,0,s2,grip
1663080,0,s2,grip
1663090,0,s2,grip
1663100,0,s2,grip
1663110,0,s2,grip
1663120,0,s2,grip
1663130,0,s2,grip
1663140,0,s2,grip
1663150,0,s2,grip
1663160,0,s2,grip
1663170,0,s2,grip
1663180,0,s2,grip
1663190,0,s2,grip
1663200,0,s2,grip
1663210,0,s2,grip
1663220,0,s2,grip
1663230,0,s2,grip
1663240,0,s2,grip
1663250,0,s2,grip
1663260,0,s2,grip
1663270,0,s2,grip
1663280,0,s2,grip
1663290,0,s2,grip
1663300,0,s2,grip
1663310,0,s2,grip
1663320,0,s2,grip
1663330,0,s2,grip
1663340,0,s2,grip
1663350,0,s2,grip
1663360,0,s2,grip
1663370,0,s2,grip
1663380,0,s2,grip
1663390,0,s2,grip
1663400,0,s2,grip
1663410,0,s2,grip
1663420,0,s2,grip
1663430,0,s2,grip
1663440,0,s2,grip
1663450,0,s2,grip
1663460,0,s2,grip
1663470,0,s2,grip
1663480,0,s2,grip
1663490,0,s2,grip
1663500,0,s2,grip
1663510,0,s2,grip
1663520,0,s2,grip
1663530,0,s2,grip
1663540,0,s2,grip
1663550,0,s2,grip
1663560,0,s2,grip
1663570,0,s2,grip
1663580,0,s2,grip
1663590,0,s2,grip
1663600,0,s2,grip
1663610,0,s2,grip
1663620,0,s2,grip
1663630,0,s2,grip
1663640,0,s2,grip
1663650,0,s2,grip
1663660,0,s2,grip
1663670,0,s2,grip
1663680,0,s2,grip
1663690,0,s2,grip
1663700,0,s2,grip
1663710,0,s2,grip
1663720,0,s2,grip
1663730,0,s2,grip
1663740,0,s2,grip
1663750,0,s2,grip
1663760,0,s2,grip
1663770,0,s2,grip
1663780,0,s2,grip
1663790,0,s2,grip
1663800,0,s2,grip
1663810,0,s2,grip
1663820,0,s2,grip
1663830,0,s2,grip
1663840,0,s2,grip
1663850,0,s2,grip
1663860,0,s2,grip
1663870,0,s2,grip
1663880,0,s2,grip
1663890,0,s2,grip
1663900,0,s2,grip
1663910,0,s2,grip
1663920,0,s2,grip
1663930,0,s2,grip
1663940,0,s2,grip
1663950,0,s2,grip
1663960,0,s2,grip
1663970,0,s2,grip
1663980,0,s2,grip
1663990,0,s2,grip
1664000,0,s2,grip
1664010,0,s2,grip
1664020,0,s2,grip
1664030,0,s2,grip
1664040,0,s2,grip
1664050,0,s2,grip
1664060,0,s2,grip
1664070,0,s2,grip
1664080,0,s2,grip
1664090,0,s2,grip
1664100,0,s2,grip
1664110,0,s2,grip
1664120,0,s2,grip
1664130,0,s2,grip
1664140,0,s2,grip
1664150,0,s2,grip
1664160,0,s2,grip
1664170,0,s2,grip
1664180,0,s2,grip
1664190,0,s2,grip
1664200,0,s2,grip
1664210,0,s2,grip
1664220,0,s2,grip
1664230,0,s2,grip
1664240,0,s2,grip
1664250,0,s2,grip
1664260,0,s2,grip
1664270,0,s2,grip
1664280,0,s2,grip
1664290,0,s2,grip
1664300,0,s2,grip
1664310,0,s2,grip
1664320,0,s2,grip
1664330,0,s2,grip
1664340,0,s2,grip
1664350,0,s2,grip
1664360,0,s2,grip
1664370,0,s2,grip
1664380,0,s2,grip
1664390,0,s2,grip
1664400,0,s2,grip
1664410,0,s2,grip
1664420,0,s2,grip
1664430,0,s2,grip
1664440,0,s2,grip
1664450,0,s2,grip
1664460,0,s2,grip
1664470,0,s2,grip
1664480,0,s2,grip
1664490,0,s2,grip
1664500,0,s2,grip
1664510,0,s2,grip
1664520,0,s2,grip
1664530,0,s2,grip
1664540,0,s2,grip
1664550,0,s2,grip
1664560,0,s2,grip
1664570,0,s2,grip
1664580,0,s2,grip
1664590,0,s2,grip
1664600,0,s2,grip
1664610,0,s2,grip
1664620,0,s2,grip
1664630,0,s2,grip
1664640,0,s2,grip
1664650,0,s2,grip
1664660,0,s2,grip
1664670,0,s2,grip
1664680,0,s2,grip
1664690,0,s2,grip
1664700,0,s2,grip
1664710,0,s2,grip
1664720,0,s2,grip
1664730,0,s2,grip
1664740,0,s2,grip
1664750,0,s2,grip
1664760,0,s2,grip
1664770,0,s2,grip
1664780,0,s2,grip
1664790,0,s2,grip
1664800,0,s2,grip
1664810,0,s2,grip
1664820,0,s2,grip
1664830,0,s2,grip
1664840,0,s2,grip
1664850,0,s2,grip
1664860,0,s2,grip
1664870,0,s2,grip
1664880,0,s2,grip
1664890,0,s2,grip
1664900,0,s2,grip
1664910,0,s2,grip
1664920,0,s2,grip
1664930,0,s2,grip
1664940,0,s2,grip
1664950,0,s2,grip
1664960,0,s2,grip
1664970,0,s2,grip
1664980,0,s2,grip
1664990,1168,s2,grip
1665000,4095,s2,grip
1665010,4095,s2,grip
1665020,4095,s2,grip
1665030,4095,s2,grip
1665040,4095,s2,grip
1665050,3711,s2,grip
1665060,3260,s2,grip
1665070,3115,s2,grip
1665080,3040,s2,grip
1665090,3004,s2,grip
1665100,2977,s2,grip
1665110,2960,s2,grip
1665120,2957,s2,grip
1665130,2944,s2,grip
1665140,2949,s2,grip
1665150,2949,s2,grip
1665160,2954,s2,grip
1665170,2951,s2,grip
1665180,2951,s2,grip
1665190,2955,s2,grip
1665200,2960,s2,grip
1665210,2960,s2,grip
1665220,2962,s2,grip
1665230,2963,s2,grip
1665240,2973,s2,grip
1665250,2976,s2,grip
1665260,2978,s2,grip
1665270,2989,s2,grip
1665280,2986,s2,grip
1665290,2992,s2,grip
1665300,2997,s2,grip
1665310,2999,s2,grip
1665320,3005,s2,grip
1665330,3007,s2,grip
1665340,3009,s2,grip
1665350,3023,s2,grip
1665360,3018,s2,grip
1665370,3024,s2,grip
1665380,3026,s2,grip
1665390,3031,s2,grip
1665400,3038,s2,grip
1665410,3037,s2,grip
1665420,3039,s2,grip
1665430,3045,s2,grip
1665440,3046,s2,grip
1665450,3055,s2,grip
1665460,3056,s2,grip
1665470,3063,s2,grip
1665480,3063,s2,grip
1665490,3069,s2,grip
1665500,3067,s2,grip
1665510,3071,s2,grip
1665520,3082,s2,grip
1665530,3088,s2,grip
1665540,3088,s2,grip
1665550,3088,s2,grip
1665560,3094,s2,grip
1665570,3094,s2,grip
1665580,3099,s2,grip
1665590,3103,s2,grip
1665600,3109,s2,grip
1665610,3109,s2,grip
1665620,3114,s2,grip
1665630,3117,s2,grip
1665640,3120,s2,grip
1665650,3123,s2,grip
1665660,3123,s2,grip
1665670,3131,s2,grip
1665680,3130,s2,grip
1665690,3143,s2,grip
1665700,3145,s2,grip
1665710,3136,s2,grip
1665720,3147,s2,grip
1665730,3146,s2,grip
1665740,3147,s2,grip
1665750,3152,s2,grip
1665760,3152,s2,grip
1665770,3159,s2,grip
1665780,3153,s2,grip
1665790,3166,s2,grip
1665800,3168,s2,grip
1665810,3165,s2,grip
1665820,3169,s2,grip
1665830,3172,s2,grip
1665840,3180,s2,grip
1665850,3175,s2,grip
1665860,3193,s2,grip
1665870,3186,s2,grip
1665880,3180,s2,grip
1665890,3186,s2,grip
1665900,3183,s2,grip
1665910,3193,s2,grip
1665920,3200,s2,grip
1665930,3184,s2,grip
1665940,3200,s2,grip
1665950,3200,s2,grip
1665960,3216,s2,grip
1665970,3203,s2,grip
1665980,3210,s2,grip
1665990,3216,s2,grip
1666000,3207,s2,grip
1666010,3216,s2,grip
1666020,3227,s2,grip
1666030,3222,s2,grip
1666040,3218,s2,grip
1666050,3239,s2,grip
1666060,3231,s2,grip
1666070,3225,s2,grip
1666080,3235,s2,grip
1666090,3237,s2,grip
1666100,3226,s2,grip
1666110,3237,s2,grip
1666120,3245,s2,grip
1666130,3235,s2,grip
1666140,3242,s2,grip
1666150,3248,s2,grip
1666160,3250,s2,grip
1666170,3250,s2,grip
1666180,3248,s2,grip
1666190,3248,s2,grip
1666200,3241,s2,grip
1666210,3250,s2,grip
1666220,3255,s2,grip
1666230,3264,s2,grip
1666240,3261,s2,grip
1666250,3249,s2,grip
1666260,3261,s2,grip
1666270,3270,s2,grip
1666280,3271,s2,grip
1666290,3267,s2,grip
1666300,3273,s2,grip
1666310,3266,s2,grip
1666320,3274,s2,grip
1666330,3285,s2,grip
1666340,3276,s2,grip
1666350,3291,s2,grip
1666360,3280,s2,grip
1666370,3278,s2,grip
1666380,3297,s2,grip
1666390,3294,s2,grip
1666400,3291,s2,grip
1666410,3292,s2,grip
1666420,3286,s2,grip
1666430,3286,s2,grip
1666440,3289,s2,grip
1666450,3307,s2,grip
1666460,3321,s2,grip
1666470,3315,s2,grip
1666480,3342,s2,grip
1666490,3258,s2,grip
1666500,3312,s2,grip
1666510,3357,s2,grip
1666520,3289,s2,grip
1666530,3280,s2,grip
1666540,3305,s2,grip
1666550,3306,s2,grip
1666560,3322,s2,grip
1666570,3307,s2,grip
1666580,3344,s2,grip
1666590,3324,s2,grip
1666600,3306,s2,grip
1666610,3308,s2,grip
1666620,3335,s2,grip
1666630,3330,s2,grip
1666640,3337,s2,grip
1666650,3334,s2,grip
1666660,3329,s2,grip
1666670,3330,s2,grip
1666680,3329,s2,grip
1666690,3348,s2,grip
1666700,3344,s2,grip
1666710,3347,s2,grip
1666720,3344,s2,grip
1666730,3343,s2,grip
1666740,3348,s2,grip
1666750,3349,s2,grip
1666760,3347,s2,grip
1666770,3354,s2,grip
1666780,3364,s2,grip
1666790,3342,s2,grip
1666800,3359,s2,grip
1666810,3366,s2,grip
1666820,3367,s2,grip
1666830,3360,s2,grip
1666840,3363,s2,grip
1666850,3344,s2,grip
1666860,3351,s2,grip
1666870,3359,s2,grip
1666880,3345,s2,grip
1666890,3374,s2,grip
1666900,3361,s2,grip
1666910,3370,s2,grip
1666920,3386,s2,grip
1666930,3381,s2,grip
1666940,3383,s2,grip
1666950,3376,s2,grip
1666960,3377,s2,grip
1666970,3390,s2,grip
1666980,3379,s2,grip
1666990,3346,s2,grip
1667000,3351,s2,grip
1667010,3395,s2,grip
1667020,3384,s2,grip
1667030,3376,s2,grip
1667040,3407,s2,grip
1667050,3393,s2,grip
1667060,3406,s2,grip
1667070,3394,s2,grip
1667080,3393,s2,grip
1667090,3405,s2,grip
1667100,3408,s2,grip
1667110,3423,s2,grip
1667120,3408,s2,grip
1667130,3409,s2,grip
1667140,3387,s2,grip
1667150,3444,s2,grip
1667160,3413,s2,grip
1667170,3432,s2,grip
1667180,3391,s2,grip
1667190,3414,s2,grip
1667200,3439,s2,grip
1667210,3428,s2,grip
1667220,3421,s2,grip
1667230,3435,s2,grip
1667240,3461,s2,grip
1667250,3419,s2,grip
1667260,3430,s2,grip
1667270,3440,s2,grip
1667280,3439,s2,grip
1667290,3430,s2,grip
1667300,3435,s2,grip
1667310,3441,s2,grip
1667320,3439,s2,grip
1667330,3435,s2,grip
1667340,3445,s2,grip
1667350,3408,s2,grip
1667360,3443,s2,grip
1667370,3408,s2,grip
1667380,3455,s2,grip
1667390,3447,s2,grip
1667400,3431,s2,grip
1667410,3447,s2,grip
1667420,3471,s2,grip
1667430,2678,s2,grip
1667440,3697,s2,grip
1667450,3703,s2,grip
1667460,3705,s2,grip
1667470,3696,s2,grip
1667480,3715,s2,grip
1667490,3697,s2,grip
1667500,3696,s2,grip
1667510,3691,s2,grip
1667520,2858,s2,grip
1667530,2323,s2,grip
1667540,1907,s2,grip
1667550,1518,s2,grip
1667560,1195,s2,grip
1667570,930,s2,grip
1667580,726,s2,grip
1667590,562,s2,grip
1667600,432,s2,grip
1667610,328,s2,grip
1667620,247,s2,grip
1667630,178,s2,grip
1667640,130,s2,grip
1667650,91,s2,grip
1667660,59,s2,grip
1667670,27,s2,grip
1667680,7,s2,grip
1667690,0,s2,grip
1667700,0,s2,grip
1667710,0,s2,grip
1667720,0,s2,grip
1667730,0,s2,grip
1667740,157,s2,grip
1667750,4095,s2,grip
1667760,4095,s2,grip
1667770,4095,s2,grip
1667780,4095,s2,grip
1667790,4095,s2,grip
1667800,4057,s2,grip
1667810,3319,s2,grip
1667820,3136,s2,grip
1667830,3054,s2,grip
1667840,3007,s2,grip
1667850,2986,s2,grip
1667860,2964,s2,grip
1667870,2959,s2,grip
1667880,2950,s2,grip
1667890,2946,s2,grip
1667900,2953,s2,grip
1667910,2947,s2,grip
1667920,2953,s2,grip
1667930,2954,s2,grip
1667940,2956,s2,grip
1667950,2960,s2,grip
1667960,2965,s2,grip
1667970,2969,s2,grip
1667980,2975,s2,grip
1667990,2979,s2,grip
1668000,2978,s2,grip
1668010,2979,s2,grip
1668020,2992,s2,grip
1668030,2993,s2,grip
1668040,2994,s2,grip
1668050,3001,s2,grip
1668060,3003,s2,grip
1668070,3010,s2,grip
1668080,3017,s2,grip
1668090,3021,s2,grip
1668100,3018,s2,grip
1668110,3027,s2,grip
1668120,3026,s2,grip
1668130,3034,s2,grip
1668140,3035,s2,grip
1668150,3044,s2,grip
1668160,3041,s2,grip
1668170,3054,s2,grip
1668180,3053,s2,grip
1668190,3056,s2,grip
1668200,3059,s2,grip
1668210,3057,s2,grip
1668220,3070,s2,grip
1668230,3071,s2,grip
1668240,3087,s2,grip
1668250,3071,s2,grip
1668260,3088,s2,grip
1668270,3088,s2,grip
1668280,3090,s2,grip
1668290,3102,s2,grip
1668300,3105,s2,grip
1668310,3105,s2,grip
1668320,3110,s2,grip
1668330,3115,s2,grip
1668340,3120,s2,grip
1668350,3120,s2,grip
1668360,3123,s2,grip
1668370,3126,s2,grip
1668380,3133,s2,grip
1668390,3133,s2,grip
1668400,3135,s2,grip
1668410,3143,s2,grip
1668420,3139,s2,grip
1668430,3152,s2,grip
1668440,3152,s2,grip
1668450,3145,s2,grip
1668460,3159,s2,grip
1668470,3152,s2,grip
1668480,3158,s2,grip
1668490,3167,s2,grip
1668500,3161,s2,grip
1668510,3174,s2,grip
1668520,3170,s2,grip
1668530,3178,s2,grip
1668540,3174,s2,grip
1668550,3183,s2,grip
1668560,3184,s2,grip
1668570,3187,s2,grip
1668580,3185,s2,grip
1668590,3191,s2,grip
1668600,3185,s2,grip
1668610,3190,s2,grip
1668620,3199,s2,grip
1668630,3203,s2,grip
1668640,3202,s2,grip
1668650,3215,s2,grip
1668660,3211,s2,grip
1668670,3211,s2,grip
1668680,3217,s2,grip
1668690,3212,s2,grip
1668700,3219,s2,grip
1668710,3216,s2,grip
1668720,3226,s2,grip
1668730,3223,s2,grip
1668740,3213,s2,grip
1668750,3226,s2,grip
1668760,3224,s2,grip
1668770,3229,s2,grip
1668780,3230,s2,grip
1668790,3248,s2,grip
1668800,3238,s2,grip
1668810,3243,s2,grip
1668820,3245,s2,grip
1668830,3249,s2,grip
1668840,3249,s2,grip
1668850,3249,s2,grip
1668860,3249,s2,grip
1668870,3249,s2,grip
1668880,3258,s2,grip
1668890,3267,s2,grip
1668900,3259,s2,grip
1668910,3255,s2,grip
1668920,3260,s2,grip
1668930,3271,s2,grip
1668940,3273,s2,grip
1668950,3265,s2,grip
1668960,3282,s2,grip
1668970,3275,s2,grip
1668980,3281,s2,grip
1668990,3275,s2,grip
1669000,3285,s2,grip
1669010,3283,s2,grip
1669020,3277,s2,grip
1669030,3287,s2,grip
1669040,3298,s2,grip
1669050,3297,s2,grip
1669060,3286,s2,grip
1669070,3289,s2,grip
1669080,3292,s2,grip
1669090,3293,s2,grip
1669100,3303,s2,grip
1669110,3318,s2,grip
1669120,3310,s2,grip
1669130,3303,s2,grip
1669140,3303,s2,grip
1669150,3303,s2,grip
1669160,3327,s2,grip
1669170,3312,s2,grip
1669180,3316,s2,grip
1669190,3322,s2,grip
1669200,3289,s2,grip
1669210,3345,s2,grip
1669220,3313,s2,grip
1669230,3318,s2,grip
1669240,3299,s2,grip
1669250,3338,s2,grip
1669260,3315,s2,grip
1669270,3319,s2,grip
1669280,3344,s2,grip
1669290,3331,s2,grip
1669300,3344,s2,grip
1669310,3315,s2,grip
1669320,3315,s2,grip
1669330,3354,s2,grip
1669340,3344,s2,grip
1669350,3345,s2,grip
1669360,3344,s2,grip
1669370,3361,s2,grip
1669380,3348,s2,grip
1669390,3376,s2,grip
1669400,3354,s2,grip
1669410,3347,s2,grip
1669420,3345,s2,grip
1669430,3358,s2,grip
1669440,3365,s2,grip
1669450,3366,s2,grip
1669460,3361,s2,grip
1669470,3371,s2,grip
1669480,3363,s2,grip
1669490,3366,s2,grip
1669500,3381,s2,grip
1669510,3344,s2,grip
1669520,3378,s2,grip
1669530,3375,s2,grip
1669540,3390,s2,grip
1669550,3388,s2,grip
1669560,3385,s2,grip
1669570,3419,s2,grip
1669580,3378,s2,grip
1669590,3396,s2,grip
1669600,3385,s2,grip
1669610,3392,s2,grip
1669620,3393,s2,grip
1669630,3401,s2,grip
1669640,3409,s2,grip
1669650,3395,s2,grip
1669660,3405,s2,grip
1669670,3392,s2,grip
1669680,3399,s2,grip
1669690,3439,s2,grip
1669700,3402,s2,grip
1669710,3404,s2,grip
1669720,3409,s2,grip
1669730,3435,s2,grip
1669740,3427,s2,grip
1669750,3393,s2,grip
1669760,3419,s2,grip
1669770,3382,s2,grip
1669780,3396,s2,grip
1669790,3435,s2,grip
1669800,3395,s2,grip
1669810,3392,s2,grip
1669820,3423,s2,grip
1669830,3437,s2,grip
1669840,3475,s2,grip
1669850,3419,s2,grip
1669860,3468,s2,grip
1669870,3415,s2,grip
1669880,3423,s2,grip
1669890,3428,s2,grip
1669900,3462,s2,grip
1669910,3408,s2,grip
1669920,3441,s2,grip
1669930,3450,s2,grip
1669940,3412,s2,grip
1669950,3434,s2,grip
1669960,3451,s2,grip
1669970,3475,s2,grip
1669980,3443,s2,grip
1669990,3458,s2,grip
1670000,3456,s2,grip
1670010,3458,s2,grip
1670020,3456,s2,grip
1670030,3461,s2,grip
1670040,3461,s2,grip
1670050,3458,s2,grip
1670060,3494,s2,grip
1670070,3471,s2,grip
1670080,3463,s2,grip
1670090,3473,s2,grip
1670100,3458,s2,grip
1670110,3476,s2,grip
1670120,3478,s2,grip
1670130,3447,s2,grip
1670140,3472,s2,grip
1670150,3482,s2,grip
1670160,3504,s2,grip
1670170,3482,s2,grip
1670180,3487,s2,grip
1670190,3479,s2,grip
1670200,3474,s2,grip
1670210,3479,s2,grip
1670220,3534,s2,grip
1670230,3511,s2,grip
1670240,3485,s2,grip
1670250,3490,s2,grip
1670260,3490,s2,grip
1670270,3489,s2,grip
1670280,3501,s2,grip
1670290,3491,s2,grip
1670300,3506,s2,grip
1670310,3502,s2,grip
1670320,3530,s2,grip
1670330,3503,s2,grip
1670340,3504,s2,grip
1670350,3503,s2,grip
1670360,3509,s2,grip
1670370,3507,s2,grip
1670380,3513,s2,grip
1670390,3696,s2,grip
1670400,3701,s2,grip
1670410,3698,s2,grip
1670420,3716,s2,grip
1670430,3697,s2,grip
1670440,3695,s2,grip
1670450,3699,s2,grip
1670460,3695,s2,grip
1670470,2997,s2,grip
1670480,2435,s2,grip
1670490,2004,s2,grip
1670500,1618,s2,grip
1670510,1271,s2,grip
1670520,996,s2,grip
1670530,777,s2,grip
1670540,606,s2,grip
1670550,464,s2,grip
1670560,354,s2,grip
1670570,268,s2,grip
1670580,199,s2,grip
1670590,144,s2,grip
1670600,97,s2,grip
1670610,64,s2,grip
1670620,38,s2,grip
1670630,16,s2,grip
1670640,0,s2,grip
1670650,0,s2,grip
1670660,0,s2,grip
1670670,0,s2,grip
1670680,0,s2,grip
1670690,0,s2,grip
1670700,0,s2,grip
1670710,0,s2,grip
1670720,0,s2,grip
1670730,0,s2,grip
1670740,0,s2,grip
1670750,0,s2,grip
1670760,0,s2,grip
1670770,0,s2,grip
1670780,0,s2,grip
1670790,0,s2,grip
1670800,0,s2,grip
1670810,0,s2,grip
1670820,0,s2,grip
1670830,0,s2,grip
1670840,0,s2,grip
1670850,0,s2,grip
1670860,0,s2,grip
1670870,0,s2,grip
1670880,0,s2,grip
1670890,0,s2,grip
1670900,0,s2,grip
1670910,0,s2,grip
1670920,0,s2,grip
1670930,0,s2,grip
1670940,0,s2,grip
1670950,0,s2,grip
1670960,0,s2,grip
1670970,0,s2,grip
1670980,0,s2,grip
1670990,0,s2,grip
1671000,0,s2,grip
1671010,0,s2,grip
1671020,0,s2,grip
1671030,0,s2,grip
1671040,0,s2,grip
1671050,0,s2,grip
1671060,0,s2,grip
1671070,0,s2,grip
1671080,0,s2,grip
1671090,0,s2,grip
1671100,16,s2,grip
1671110,16,s2,grip
1671120,1,s2,grip
1671130,0,s2,grip
1671140,0,s2,grip
1671150,0,s2,grip
1671160,0,s2,grip
1671170,0,s2,grip
1671180,0,s2,grip
1671190,6,s2,grip
1671200,0,s2,grip
1671210,0,s2,grip
1671220,0,s2,grip
1671230,0,s2,grip
1671240,0,s2,grip
1671250,0,s2,grip
1671260,0,s2,grip
1671270,0,s2,grip
1671280,16,s2,grip
1671290,38,s2,grip
1671300,21,s2,grip
1671310,4,s2,grip
1671320,14,s2,grip
1671330,0,s2,grip
1671340,16,s2,grip
1671350,42,s2,grip
1671360,67,s2,grip
1671370,43,s2,grip
1671380,13,s2,grip
1671390,0,s2,grip
1671400,0,s2,grip
1671410,0,s2,grip
1671420,0,s2,grip
1671430,0,s2,grip
1671440,0,s2,grip
1671450,0,s2,grip
1671460,0,s2,grip
1671470,0,s2,grip
1671480,0,s2,grip
1671490,0,s2,grip
1671500,0,s2,grip
1671510,0,s2,grip
1671520,0,s2,grip
1671530,0,s2,grip
1671540,0,s2,grip
1671550,0,s2,grip
1671560,0,s2,grip
1671570,0,s2,grip
1671580,0,s2,grip
1671590,0,s2,grip
1671600,0,s2,grip
1671610,0,s2,grip
1671620,0,s2,grip
1671630,0,s2,grip
1671640,0,s2,grip
1671650,0,s2,grip
1671660,0,s2,grip
1671670,0,s2,grip
1671680,0,s2,grip
1671690,0,s2,grip
1671700,0,s2,grip
1671710,0,s2,grip
1671720,0,s2,grip
1671730,0,s2,grip
1671740,0,s2,grip
1671750,0,s2,grip
1671760,0,s2,grip
1671770,0,s2,grip
1671780,0,s2,grip
1671790,0,s2,grip
1671800,0,s2,grip
1671810,0,s2,grip
1671820,0,s2,grip
1671830,0,s2,grip
1671840,0,s2,grip
1671850,0,s2,grip
1671860,0,s2,grip
1671870,0,s2,grip
1671880,0,s2,grip
1671890,0,s2,grip
1671900,0,s2,grip
1671910,0,s2,grip
1671920,0,s2,grip
1671930,0,s2,grip
1671940,0,s2,grip
1671950,0,s2,grip
1671960,0,s2,grip
1671970,0,s2,grip
1671980,0,s2,grip
1671990,0,s2,grip
1672000,0,s2,grip
1672010,0,s2,grip
1672020,0,s2,grip
1672030,0,s2,grip
1672040,0,s2,grip
1672050,0,s2,grip
1672060,0,s2,grip
1672070,0,s2,grip
1672080,0,s2,grip
1672090,0,s2,grip
1672100,0,s2,grip
1672110,0,s2,grip
1672120,112,s2,grip
1672130,2007,s2,grip
1672140,4095,s2,grip
1672150,4095,s2,grip
1672160,4095,s2,grip
1672170,4095,s2,grip
1672180,4095,s2,grip
1672190,3570,s2,grip
1672200,3211,s2,grip
1672210,3104,s2,grip
1672220,3065,s2,grip
1672230,3006,s2,grip
1672240,2985,s2,grip
1672250,2959,s2,grip
1672260,2960,s2,grip
1672270,2946,s2,grip
1672280,2947,s2,grip
1672290,2955,s2,grip
1672300,2960,s2,grip
1672310,2953,s2,grip
1672320,2956,s2,grip
1672330,2939,s2,grip
1672340,2992,s2,grip
1672350,2966,s2,grip
1672360,2969,s2,grip
1672370,2975,s2,grip
1672380,2977,s2,grip
1672390,2983,s2,grip
1672400,2987,s2,grip
1672410,3011,s2,grip
1672420,3002,s2,grip
1672430,2992,s2,grip
1672440,2995,s2,grip
1672450,3007,s2,grip
1672460,3007,s2,grip
1672470,3022,s2,grip
1672480,3017,s2,grip
1672490,3056,s2,grip
1672500,3025,s2,grip
1672510,3029,s2,grip
1672520,3042,s2,grip
1672530,3052,s2,grip
1672540,3041,s2,grip
1672550,3027,s2,grip
1672560,3025,s2,grip
1672570,3045,s2,grip
1672580,3055,s2,grip
1672590,3027,s2,grip
1672600,3083,s2,grip
1672610,3056,s2,grip
1672620,3082,s2,grip
1672630,3071,s2,grip
1672640,3071,s2,grip
1672650,3118,s2,grip
1672660,3088,s2,grip
1672670,3071,s2,grip
1672680,3099,s2,grip
1672690,3111,s2,grip
1672700,3127,s2,grip
1672710,3143,s2,grip
1672720,3107,s2,grip
1672730,3114,s2,grip
1672740,3098,s2,grip
1672750,3105,s2,grip
1672760,3130,s2,grip
1672770,3110,s2,grip
1672780,3123,s2,grip
1672790,3129,s2,grip
1672800,3133,s2,grip
1672810,3139,s2,grip
1672820,3143,s2,grip
1672830,3137,s2,grip
1672840,3137,s2,grip
1672850,3152,s2,grip
1672860,3152,s2,grip
1672870,3165,s2,grip
1672880,3158,s2,grip
1672890,3164,s2,grip
1672900,3167,s2,grip
1672910,3173,s2,grip
1672920,3182,s2,grip
1672930,3158,s2,grip
1672940,3181,s2,grip
1672950,3187,s2,grip
1672960,3216,s2,grip
1672970,3149,s2,grip
1672980,3186,s2,grip
1672990,3178,s2,grip
1673000,3191,s2,grip
1673010,3169,s2,grip
1673020,3216,s2,grip
1673030,3195,s2,grip
1673040,3201,s2,grip
1673050,3167,s2,grip
1673060,3202,s2,grip
1673070,3211,s2,grip
1673080,3213,s2,grip
1673090,3211,s2,grip
1673100,3214,s2,grip
1673110,3221,s2,grip
1673120,3216,s2,grip
1673130,3216,s2,grip
1673140,3225,s2,grip
1673150,3231,s2,grip
1673160,3225,s2,grip
1673170,3234,s2,grip
1673180,3234,s2,grip
1673190,3245,s2,grip
1673200,3233,s2,grip
1673210,3235,s2,grip
1673220,3248,s2,grip
1673230,3250,s2,grip
1673240,3247,s2,grip
1673250,3248,s2,grip
1673260,3248,s2,grip
1673270,3253,s2,grip
1673280,3251,s2,grip
1673290,3256,s2,grip
1673300,3262,s2,grip
1673310,3255,s2,grip
1673320,3262,s2,grip
1673330,3265,s2,grip
1673340,3265,s2,grip
1673350,3271,s2,grip
1673360,3271,s2,grip
1673370,3274,s2,grip
1673380,3273,s2,grip
1673390,3275,s2,grip
1673400,3280,s2,grip
1673410,3279,s2,grip
1673420,3286,s2,grip
1673430,3280,s2,grip
1673440,3282,s2,grip
1673450,3287,s2,grip
1673460,3286,s2,grip
1673470,3291,s2,grip
1673480,3292,s2,grip
1673490,3295,s2,grip
1673500,3297,s2,grip
1673510,3295,s2,grip
1673520,3299,s2,grip
1673530,3299,s2,grip
1673540,3307,s2,grip
1673550,3302,s2,grip
1673560,3308,s2,grip
1673570,3307,s2,grip
1673580,3309,s2,grip
1673590,3310,s2,grip
1673600,3312,s2,grip
1673610,3312,s2,grip
1673620,3313,s2,grip
1673630,3314,s2,grip
1673640,3323,s2,grip
1673650,3325,s2,grip
1673660,3325,s2,grip
1673670,3327,s2,grip
1673680,3328,s2,grip
1673690,3331,s2,grip
1673700,3327,s2,grip
1673710,3334,s2,grip
1673720,3337,s2,grip
1673730,3341,s2,grip
1673740,3342,s2,grip
1673750,3344,s2,grip
1673760,3341,s2,grip
1673770,3344,s2,grip
1673780,3346,s2,grip
1673790,3347,s2,grip
1673800,3344,s2,grip
1673810,3347,s2,grip
1673820,3348,s2,grip
1673830,3354,s2,grip
1673840,3355,s2,grip
1673850,3359,s2,grip
1673860,3351,s2,grip
1673870,3359,s2,grip
1673880,3360,s2,grip
1673890,3366,s2,grip
1673900,3359,s2,grip
1673910,3371,s2,grip
1673920,3375,s2,grip
1673930,3371,s2,grip
1673940,3373,s2,grip
1673950,3383,s2,grip
1673960,3376,s2,grip
1673970,3381,s2,grip
1673980,3393,s2,grip
1673990,3378,s2,grip
1674000,3382,s2,grip
1674010,3390,s2,grip
1674020,3381,s2,grip
1674030,3388,s2,grip
1674040,3395,s2,grip
1674050,3388,s2,grip
1674060,3398,s2,grip
1674070,3407,s2,grip
1674080,3404,s2,grip
1674090,3402,s2,grip
1674100,3399,s2,grip
1674110,3399,s2,grip
1674120,3409,s2,grip
1674130,3410,s2,grip
1674140,3401,s2,grip
1674150,3413,s2,grip
1674160,3412,s2,grip
1674170,3419,s2,grip
1674180,3408,s2,grip
1674190,3408,s2,grip
1674200,3411,s2,grip
1674210,3415,s2,grip
1674220,3422,s2,grip
1674230,3425,s2,grip
1674240,3427,s2,grip
1674250,3421,s2,grip
1674260,3427,s2,grip
1674270,3437,s2,grip
1674280,3434,s2,grip
1674290,3439,s2,grip
1674300,3427,s2,grip
1674310,3445,s2,grip
1674320,3437,s2,grip
1674330,3449,s2,grip
1674340,3440,s2,grip
1674350,3440,s2,grip
1674360,3447,s2,grip
1674370,3453,s2,grip
1674380,3442,s2,grip
1674390,3443,s2,grip
1674400,3443,s2,grip
1674410,3436,s2,grip
1674420,3455,s2,grip
1674430,3455,s2,grip
1674440,3462,s2,grip
1674450,3441,s2,grip
1674460,3456,s2,grip
1674470,3457,s2,grip
1674480,3462,s2,grip
1674490,3469,s2,grip
1674500,3459,s2,grip
1674510,3469,s2,grip
1674520,3471,s2,grip
1674530,3467,s2,grip
1674540,3470,s2,grip
1674550,3479,s2,grip
1674560,3478,s2,grip
1674570,3476,s2,grip
1674580,3478,s2,grip
1674590,3490,s2,grip
1674600,3470,s2,grip
1674610,3488,s2,grip
1674620,3485,s2,grip
1674630,3490,s2,grip
1674640,3483,s2,grip
1674650,3491,s2,grip
1674660,3488,s2,grip
1674670,3499,s2,grip
1674680,3499,s2,grip
1674690,3509,s2,grip
1674700,3483,s2,grip
1674710,3504,s2,grip
1674720,3495,s2,grip
1674730,3503,s2,grip
1674740,3451,s2,grip
1674750,3504,s2,grip
1674760,3515,s2,grip
1674770,3523,s2,grip
1674780,3504,s2,grip
1674790,3517,s2,grip
1674800,3520,s2,grip
1674810,3505,s2,grip
1674820,3493,s2,grip
1674830,3536,s2,grip
1674840,3502,s2,grip
1674850,3525,s2,grip
1674860,3526,s2,grip
1674870,3520,s2,grip
1674880,3538,s2,grip
1674890,3519,s2,grip
1674900,3536,s2,grip
1674910,3528,s2,grip
1674920,3520,s2,grip
1674930,3531,s2,grip
1674940,3566,s2,grip
1674950,3530,s2,grip
1674960,3544,s2,grip
1674970,3578,s2,grip
1674980,3539,s2,grip
1674990,3551,s2,grip
1675000,3554,s2,grip
1675010,3549,s2,grip
1675020,3554,s2,grip
1675030,3543,s2,grip
1675040,3568,s2,grip
1675050,3547,s2,grip
1675060,3555,s2,grip
1675070,3549,s2,grip
1675080,3543,s2,grip
1675090,3553,s2,grip
1675100,3556,s2,grip
1675110,3568,s2,grip
1675120,3619,s2,grip
1675130,3561,s2,grip
1675140,3569,s2,grip
1675150,3566,s2,grip
1675160,3568,s2,grip
1675170,3582,s2,grip
1675180,3583,s2,grip
1675190,3558,s2,grip
1675200,3553,s2,grip
1675210,3566,s2,grip
1675220,3583,s2,grip
1675230,3557,s2,grip
1675240,3561,s2,grip
1675250,3581,s2,grip
1675260,3602,s2,grip
1675270,3583,s2,grip
1675280,3573,s2,grip
1675290,3583,s2,grip
1675300,3575,s2,grip
1675310,3574,s2,grip
1675320,3553,s2,grip
1675330,3583,s2,grip
1675340,3568,s2,grip
1675350,3583,s2,grip
1675360,3583,s2,grip
1675370,3581,s2,grip
1675380,3623,s2,grip
1675390,3566,s2,grip
1675400,3601,s2,grip
1675410,3609,s2,grip
1675420,3600,s2,grip
1675430,3603,s2,grip
1675440,3631,s2,grip
1675450,3583,s2,grip
1675460,3606,s2,grip
1675470,3614,s2,grip
1675480,3614,s2,grip
1675490,3633,s2,grip
1675500,3621,s2,grip
1675510,3632,s2,grip
1675520,3609,s2,grip
1675530,3617,s2,grip
1675540,3622,s2,grip
1675550,3631,s2,grip
1675560,3619,s2,grip
1675570,3639,s2,grip
1675580,3654,s2,grip
1675590,3615,s2,grip
1675600,3634,s2,grip
1675610,3633,s2,grip
1675620,3621,s2,grip
1675630,3651,s2,grip
1675640,3634,s2,grip
1675650,3639,s2,grip
1675660,3632,s2,grip
1675670,3640,s2,grip
1675680,3647,s2,grip
1675690,3648,s2,grip
1675700,3650,s2,grip
1675710,3649,s2,grip
1675720,3648,s2,grip
1675730,3655,s2,grip
1675740,3694,s2,grip
1675750,3655,s2,grip
1675760,3652,s2,grip
1675770,3703,s2,grip
1675780,3686,s2,grip
1675790,3651,s2,grip
1675800,3665,s2,grip
1675810,3642,s2,grip
1675820,3643,s2,grip
1675830,3661,s2,grip
1675840,3657,s2,grip
1675850,3666,s2,grip
1675860,3664,s2,grip
1675870,3674,s2,grip
1675880,3665,s2,grip
1675890,3663,s2,grip
1675900,3668,s2,grip
1675910,3664,s2,grip
1675920,3696,s2,grip
1675930,3671,s2,grip
1675940,3667,s2,grip
1675950,3680,s2,grip
1675960,3683,s2,grip
1675970,3682,s2,grip
1675980,3703,s2,grip
1675990,3687,s2,grip
1676000,3691,s2,grip
1676010,3681,s2,grip
1676020,3696,s2,grip
1676030,3689,s2,grip
1676040,3689,s2,grip
1676050,3687,s2,grip
1676060,3693,s2,grip
1676070,3689,s2,grip
1676080,3695,s2,grip
1676090,3696,s2,grip
1676100,3697,s2,grip
1676110,3696,s2,grip
1676120,3698,s2,grip
1676130,3701,s2,grip
1676140,3701,s2,grip
1676150,3711,s2,grip
1676160,3708,s2,grip
1676170,3707,s2,grip
1676180,3709,s2,grip
1676190,3707,s2,grip
1676200,3710,s2,grip
1676210,3706,s2,grip
1676220,3718,s2,grip
1676230,3718,s2,grip
1676240,3712,s2,grip
1676250,3718,s2,grip
1676260,3715,s2,grip
1676270,3722,s2,grip
1676280,3721,s2,grip
1676290,3717,s2,grip
1676300,3726,s2,grip
1676310,3723,s2,grip
1676320,3727,s2,grip
1676330,3730,s2,grip
1676340,3726,s2,grip
1676350,3733,s2,grip
1676360,3723,s2,grip
1676370,3728,s2,grip
1676380,3728,s2,grip
1676390,3730,s2,grip
1676400,3731,s2,grip
1676410,3731,s2,grip
1676420,3733,s2,grip
1676430,3740,s2,grip
1676440,3733,s2,grip
1676450,3738,s2,grip
1676460,3744,s2,grip
1676470,3742,s2,grip
1676480,3748,s2,grip
1676490,3741,s2,grip
1676500,3750,s2,grip
1676510,3743,s2,grip
1676520,3748,s2,grip
1676530,3751,s2,grip
1676540,3749,s2,grip
1676550,3760,s2,grip
1676560,3755,s2,grip
1676570,3761,s2,grip
1676580,3757,s2,grip
1676590,3754,s2,grip
1676600,3761,s2,grip
1676610,3760,s2,grip
1676620,3761,s2,grip
1676630,3754,s2,grip
1676640,3760,s2,grip
1676650,3766,s2,grip
1676660,3766,s2,grip
1676670,3761,s2,grip
1676680,3766,s2,grip
1676690,3770,s2,grip
1676700,3766,s2,grip
1676710,3763,s2,grip
1676720,3776,s2,grip
1676730,3770,s2,grip
1676740,3785,s2,grip
1676750,3763,s2,grip
1676760,3787,s2,grip
1676770,3779,s2,grip
1676780,3775,s2,grip
1676790,3793,s2,grip
1676800,3770,s2,grip
1676810,3778,s2,grip
1676820,3814,s2,grip
1676830,3774,s2,grip
1676840,3789,s2,grip
1676850,3791,s2,grip
1676860,3786,s2,grip
1676870,3795,s2,grip
1676880,3824,s2,grip
1676890,3824,s2,grip
1676900,3790,s2,grip
1676910,3798,s2,grip
1676920,3795,s2,grip
1676930,3759,s2,grip
1676940,3793,s2,grip
1676950,3804,s2,grip
1676960,3806,s2,grip
1676970,3798,s2,grip
1676980,3795,s2,grip
1676990,3803,s2,grip
1677000,3797,s2,grip
1677010,3810,s2,grip
1677020,3815,s2,grip
1677030,3807,s2,grip
1677040,3802,s2,grip
1677050,3805,s2,grip
1677060,3803,s2,grip
1677070,3809,s2,grip
1677080,3795,s2,grip
1677090,3822,s2,grip
1677100,3810,s2,grip
1677110,3813,s2,grip
1677120,3813,s2,grip
1677130,3818,s2,grip
1677140,3807,s2,grip
1677150,3825,s2,grip
1677160,3824,s2,grip
1677170,3823,s2,grip
1677180,3824,s2,grip
1677190,3825,s2,grip
1677200,3831,s2,grip
1677210,3825,s2,grip
1677220,3836,s2,grip
1677230,3845,s2,grip
1677240,3840,s2,grip
1677250,3824,s2,grip
1677260,3839,s2,grip
1677270,3833,s2,grip
1677280,3838,s2,grip
1677290,3815,s2,grip
1677300,3879,s2,grip
1677310,3824,s2,grip
1677320,3837,s2,grip
1677330,3833,s2,grip
1677340,3845,s2,grip
1677350,3834,s2,grip
1677360,3840,s2,grip
1677370,3874,s2,grip
1677380,3834,s2,grip
1677390,3835,s2,grip
1677400,3852,s2,grip
1677410,3835,s2,grip
1677420,3865,s2,grip
1677430,3853,s2,grip
1677440,3853,s2,grip
1677450,3855,s2,grip
1677460,3796,s2,grip
1677470,3866,s2,grip
1677480,3850,s2,grip
1677490,3860,s2,grip
1677500,3850,s2,grip
1677510,3825,s2,grip
1677520,3857,s2,grip
1677530,3847,s2,grip
1677540,3863,s2,grip
1677550,3901,s2,grip
1677560,3847,s2,grip
1677570,3847,s2,grip
1677580,3874,s2,grip
1677590,3869,s2,grip
1677600,3879,s2,grip
1677610,3870,s2,grip
1677620,3855,s2,grip
1677630,3861,s2,grip
1677640,3859,s2,grip
1677650,3882,s2,grip
1677660,3872,s2,grip
1677670,3877,s2,grip
1677680,3883,s2,grip
1677690,3874,s2,grip
1677700,3887,s2,grip
1677710,3899,s2,grip
1677720,3857,s2,grip
1677730,3883,s2,grip
1677740,3901,s2,grip
1677750,3904,s2,grip
1677760,3900,s2,grip
1677770,3887,s2,grip
1677780,3879,s2,grip
1677790,3893,s2,grip
1677800,3841,s2,grip
1677810,3885,s2,grip
1677820,3888,s2,grip
1677830,3887,s2,grip
1677840,3949,s2,grip
1677850,3918,s2,grip
1677860,3897,s2,grip
1677870,3824,s2,grip
1677880,3898,s2,grip
1677890,3879,s2,grip
1677900,3865,s2,grip
1677910,3873,s2,grip
1677920,3923,s2,grip
1677930,3875,s2,grip
1677940,3886,s2,grip
1677950,3898,s2,grip
1677960,3889,s2,grip
1677970,3887,s2,grip
1677980,3891,s2,grip
1677990,3899,s2,grip
1678000,3898,s2,grip
1678010,3921,s2,grip
1678020,3868,s2,grip
1678030,3909,s2,grip
1678040,3895,s2,grip
1678050,3924,s2,grip
1678060,3887,s2,grip
1678070,3939,s2,grip
1678080,3913,s2,grip
1678090,3965,s2,grip
1678100,3932,s2,grip
1678110,3907,s2,grip
1678120,3921,s2,grip
1678130,3922,s2,grip
1678140,3921,s2,grip
1678150,3919,s2,grip
1678160,3921,s2,grip
1678170,3955,s2,grip
1678180,3882,s2,grip
1678190,3951,s2,grip
1678200,3957,s2,grip
1678210,3963,s2,grip
1678220,3939,s2,grip
1678230,3943,s2,grip
1678240,3935,s2,grip
1678250,3927,s2,grip
1678260,3919,s2,grip
1678270,3923,s2,grip
1678280,3924,s2,grip
1678290,3923,s2,grip
1678300,3927,s2,grip
1678310,3936,s2,grip
1678320,3937,s2,grip
1678330,3927,s2,grip
1678340,3921,s2,grip
1678350,3938,s2,grip
1678360,3933,s2,grip
1678370,3933,s2,grip
1678380,3943,s2,grip
1678390,3927,s2,grip
1678400,3952,s2,grip
1678410,3957,s2,grip
1678420,3933,s2,grip
1678430,4005,s2,grip
1678440,3942,s2,grip
1678450,3946,s2,grip
1678460,3952,s2,grip
1678470,3938,s2,grip
1678480,3954,s2,grip
1678490,3950,s2,grip
1678500,3940,s2,grip
1678510,3954,s2,grip
1678520,3941,s2,grip
1678530,3929,s2,grip
1678540,3920,s2,grip
1678550,4016,s2,grip
1678560,4010,s2,grip
1678570,3952,s2,grip
1678580,3955,s2,grip
1678590,3965,s2,grip
1678600,3952,s2,grip
1678610,3953,s2,grip
1678620,3962,s2,grip
1678630,3925,s2,grip
1678640,3978,s2,grip
1678650,3967,s2,grip
1678660,3962,s2,grip
1678670,3952,s2,grip
1678680,3970,s2,grip
1678690,3965,s2,grip
1678700,3959,s2,grip
1678710,3967,s2,grip
1678720,3969,s2,grip
1678730,3965,s2,grip
1678740,3969,s2,grip
1678750,3971,s2,grip
1678760,3968,s2,grip
1678770,3974,s2,grip
1678780,3954,s2,grip
1678790,3970,s2,grip
1678800,3978,s2,grip
1678810,3973,s2,grip
1678820,3973,s2,grip
1678830,3979,s2,grip
1678840,3961,s2,grip
1678850,3970,s2,grip
1678860,3971,s2,grip
1678870,3978,s2,grip
1678880,3984,s2,grip
1678890,3983,s2,grip
1678900,3983,s2,grip
1678910,3977,s2,grip
1678920,3975,s2,grip
1678930,3983,s2,grip
1678940,3978,s2,grip
1678950,3989,s2,grip
1678960,3999,s2,grip
1678970,3991,s2,grip
1678980,3986,s2,grip
1678990,3982,s2,grip
1679000,3984,s2,grip
1679010,3984,s2,grip
1679020,3986,s2,grip
1679030,3995,s2,grip
1679040,3989,s2,grip
1679050,3986,s2,grip
1679060,3995,s2,grip
1679070,4004,s2,grip
1679080,3989,s2,grip
1679090,3999,s2,grip
1679100,3991,s2,grip
1679110,3999,s2,grip
1679120,4003,s2,grip
1679130,3991,s2,grip
1679140,3999,s2,grip
1679150,3997,s2,grip
1679160,3988,s2,grip
1679170,4005,s2,grip
1679180,4005,s2,grip
1679190,4007,s2,grip
1679200,4013,s2,grip
1679210,4004,s2,grip
1679220,4003,s2,grip
1679230,4011,s2,grip
1679240,3996,s2,grip
1679250,4017,s2,grip
1679260,4007,s2,grip
1679270,4006,s2,grip
1679280,4015,s2,grip
1679290,4030,s2,grip
1679300,4016,s2,grip
1679310,4013,s2,grip
1679320,4017,s2,grip
1679330,4015,s2,grip
1679340,4015,s2,grip
1679350,4021,s2,grip
1679360,4014,s2,grip
1679370,4035,s2,grip
1679380,4011,s2,grip
1679390,4011,s2,grip
1679400,3984,s2,grip
1679410,3987,s2,grip
1679420,4027,s2,grip
1679430,4016,s2,grip
1679440,4016,s2,grip
1679450,4013,s2,grip
1679460,4014,s2,grip
1679470,4027,s2,grip
1679480,4010,s2,grip
1679490,4026,s2,grip
1679500,3995,s2,grip
1679510,4029,s2,grip
1679520,4015,s2,grip
1679530,4015,s2,grip
1679540,4011,s2,grip
1679550,4031,s2,grip
1679560,4030,s2,grip
1679570,4026,s2,grip
1679580,4006,s2,grip
1679590,4023,s2,grip
1679600,4031,s2,grip
1679610,4022,s2,grip
1679620,4016,s2,grip
1679630,4015,s2,grip
1679640,4023,s2,grip
1679650,4031,s2,grip
1679660,4030,s2,grip
1679670,4023,s2,grip
1679680,4022,s2,grip
1679690,4039,s2,grip
1679700,4039,s2,grip
1679710,4022,s2,grip
1679720,4036,s2,grip
1679730,4028,s2,grip
1679740,4037,s2,grip
1679750,4039,s2,grip
1679760,4017,s2,grip
1679770,4022,s2,grip
1679780,4031,s2,grip
1679790,4047,s2,grip
1679800,4039,s2,grip
1679810,4041,s2,grip
1679820,4037,s2,grip
1679830,4016,s2,grip
1679840,3693,s2,grip
1679850,3705,s2,grip
1679860,3700,s2,grip
1679870,3703,s2,grip
1679880,3699,s2,grip
1679890,3693,s2,grip
1679900,3697,s2,grip
1679910,3131,s2,grip
1679920,2497,s2,grip
1679930,2055,s2,grip
1679940,1667,s2,grip
1679950,1311,s2,grip
1679960,1023,s2,grip
1679970,805,s2,grip
1679980,624,s2,grip
1679990,479,s2,grip
1680000,367,s2,grip
1680010,276,s2,grip
1680020,204,s2,grip
1680030,149,s2,grip
1680040,101,s2,grip
1680050,64,s2,grip
1680060,36,s2,grip
1680070,15,s2,grip
1680080,37,s2,grip
1680090,2517,s2,grip
1680100,4095,s2,grip
1680110,4095,s2,grip
1680120,4095,s2,grip
1680130,4095,s2,grip
1680140,4095,s2,grip
1680150,3499,s2,grip
1680160,3184,s2,grip
1680170,3089,s2,grip
1680180,3019,s2,grip
1680190,2992,s2,grip
1680200,2977,s2,grip
1680210,2960,s2,grip
1680220,2951,s2,grip
1680230,2957,s2,grip
1680240,2929,s2,grip
1680250,2952,s2,grip
1680260,2957,s2,grip
1680270,2951,s2,grip
1680280,2974,s2,grip
1680290,2959,s2,grip
1680300,2960,s2,grip
1680310,2971,s2,grip
1680320,2967,s2,grip
1680330,2961,s2,grip
1680340,2960,s2,grip
1680350,2983,s2,grip
1680360,2986,s2,grip
1680370,2975,s2,grip
1680380,2997,s2,grip
