t_ms,raw,subject,gesture,attempt,result
369046,2086,n7,mvc,1,ok
369048,2010,n7,mvc,1,ok
369050,1936,n7,mvc,1,ok
369052,1966,n7,mvc,1,ok
369054,2039,n7,mvc,1,ok
369056,1982,n7,mvc,1,ok
369058,2027,n7,mvc,1,ok
369060,2031,n7,mvc,1,ok
369062,2192,n7,mvc,1,ok
369064,2235,n7,mvc,1,ok
369066,2494,n7,mvc,1,ok
369068,2509,n7,mvc,1,ok
369070,2430,n7,mvc,1,ok
369072,2387,n7,mvc,1,ok
369074,2481,n7,mvc,1,ok
369076,2453,n7,mvc,1,ok
369078,2454,n7,mvc,1,ok
369080,2443,n7,mvc,1,ok
369082,2448,n7,mvc,1,ok
369084,2418,n7,mvc,1,ok
369086,2438,n7,mvc,1,ok
369088,2418,n7,mvc,1,ok
369090,2375,n7,mvc,1,ok
369092,2339,n7,mvc,1,ok
369094,2340,n7,mvc,1,ok
369096,2315,n7,mvc,1,ok
369098,2250,n7,mvc,1,ok
369100,2195,n7,mvc,1,ok
369102,2197,n7,mvc,1,ok
369104,2171,n7,mvc,1,ok
369106,2133,n7,mvc,1,ok
369108,2163,n7,mvc,1,ok
369110,2127,n7,mvc,1,ok
369112,2107,n7,mvc,1,ok
369114,2105,n7,mvc,1,ok
369116,2215,n7,mvc,1,ok
369118,2272,n7,mvc,1,ok
369120,2404,n7,mvc,1,ok
369122,2459,n7,mvc,1,ok
369124,2479,n7,mvc,1,ok
369126,2448,n7,mvc,1,ok
369128,2547,n7,mvc,1,ok
369130,2634,n7,mvc,1,ok
369132,2635,n7,mvc,1,ok
369134,2643,n7,mvc,1,ok
369136,2559,n7,mvc,1,ok
369138,2474,n7,mvc,1,ok
369140,2422,n7,mvc,1,ok
369142,2426,n7,mvc,1,ok
369144,2480,n7,mvc,1,ok
369146,2542,n7,mvc,1,ok
369148,2559,n7,mvc,1,ok
369150,2634,n7,mvc,1,ok
369152,2551,n7,mvc,1,ok
369154,2485,n7,mvc,1,ok
369156,2375,n7,mvc,1,ok
369158,2325,n7,mvc,1,ok
369160,2378,n7,mvc,1,ok
369162,2370,n7,mvc,1,ok
369164,2491,n7,mvc,1,ok
369166,2513,n7,mvc,1,ok
369168,2416,n7,mvc,1,ok
369170,2315,n7,mvc,1,ok
369172,2224,n7,mvc,1,ok
369174,2179,n7,mvc,1,ok
369176,2134,n7,mvc,1,ok
369178,2066,n7,mvc,1,ok
369180,2013,n7,mvc,1,ok
369182,1987,n7,mvc,1,ok
369184,1921,n7,mvc,1,ok
369186,1853,n7,mvc,1,ok
369188,1782,n7,mvc,1,ok
369190,1742,n7,mvc,1,ok
369192,1675,n7,mvc,1,ok
369194,1617,n7,mvc,1,ok
369196,1611,n7,mvc,1,ok
369198,1627,n7,mvc,1,ok
369200,1814,n7,mvc,1,ok
369202,1853,n7,mvc,1,ok
369204,1795,n7,mvc,1,ok
369206,1816,n7,mvc,1,ok
369208,1749,n7,mvc,1,ok
369210,1746,n7,mvc,1,ok
369212,1870,n7,mvc,1,ok
369214,1849,n7,mvc,1,ok
369216,1776,n7,mvc,1,ok
369218,1781,n7,mvc,1,ok
369220,1867,n7,mvc,1,ok
369222,2007,n7,mvc,1,ok
369224,2071,n7,mvc,1,ok
369226,2235,n7,mvc,1,ok
369228,2293,n7,mvc,1,ok
369230,2218,n7,mvc,1,ok
369232,2160,n7,mvc,1,ok
369234,2082,n7,mvc,1,ok
369236,2012,n7,mvc,1,ok
369238,1950,n7,mvc,1,ok
369240,1863,n7,mvc,1,ok
369242,1793,n7,mvc,1,ok
369244,1751,n7,mvc,1,ok
369246,1683,n7,mvc,1,ok
369248,1664,n7,mvc,1,ok
369250,1616,n7,mvc,1,ok
369252,1559,n7,mvc,1,ok
369254,1519,n7,mvc,1,ok
369256,1462,n7,mvc,1,ok
369258,1423,n7,mvc,1,ok
369260,1360,n7,mvc,1,ok
369262,1306,n7,mvc,1,ok
369264,1333,n7,mvc,1,ok
369266,1306,n7,mvc,1,ok
369268,1328,n7,mvc,1,ok
369270,1328,n7,mvc,1,ok
369272,1275,n7,mvc,1,ok
369274,1326,n7,mvc,1,ok
369276,1517,n7,mvc,1,ok
369278,1648,n7,mvc,1,ok
369280,1755,n7,mvc,1,ok
369282,2013,n7,mvc,1,ok
369284,2074,n7,mvc,1,ok
369286,2032,n7,mvc,1,ok
369288,1942,n7,mvc,1,ok
369290,1899,n7,mvc,1,ok
369292,1934,n7,mvc,1,ok
369294,1904,n7,mvc,1,ok
369296,1939,n7,mvc,1,ok
369298,1973,n7,mvc,1,ok
369300,1904,n7,mvc,1,ok
369302,1840,n7,mvc,1,ok
369304,1776,n7,mvc,1,ok
369306,1757,n7,mvc,1,ok
369308,1719,n7,mvc,1,ok
369310,1712,n7,mvc,1,ok
369312,1683,n7,mvc,1,ok
369314,1667,n7,mvc,1,ok
369316,1613,n7,mvc,1,ok
369318,1579,n7,mvc,1,ok
369320,1515,n7,mvc,1,ok
369322,1501,n7,mvc,1,ok
369324,1458,n7,mvc,1,ok
369326,1439,n7,mvc,1,ok
369328,1506,n7,mvc,1,ok
369330,1465,n7,mvc,1,ok
369332,1479,n7,mvc,1,ok
369334,1447,n7,mvc,1,ok
369336,1411,n7,mvc,1,ok
369338,1371,n7,mvc,1,ok
369340,1331,n7,mvc,1,ok
369342,1282,n7,mvc,1,ok
369344,1223,n7,mvc,1,ok
369346,1190,n7,mvc,1,ok
369348,1231,n7,mvc,1,ok
369350,1360,n7,mvc,1,ok
369352,1361,n7,mvc,1,ok
369354,1408,n7,mvc,1,ok
369356,1424,n7,mvc,1,ok
369358,1456,n7,mvc,1,ok
369360,1439,n7,mvc,1,ok
369362,1387,n7,mvc,1,ok
369364,1369,n7,mvc,1,ok
369366,1419,n7,mvc,1,ok
369368,1414,n7,mvc,1,ok
369370,1520,n7,mvc,1,ok
369372,1530,n7,mvc,1,ok
369374,1507,n7,mvc,1,ok
369376,1535,n7,mvc,1,ok
369378,1582,n7,mvc,1,ok
369380,1563,n7,mvc,1,ok
369382,1600,n7,mvc,1,ok
369384,1734,n7,mvc,1,ok
369386,1696,n7,mvc,1,ok
369388,1771,n7,mvc,1,ok
369390,1755,n7,mvc,1,ok
369392,1733,n7,mvc,1,ok
369394,1695,n7,mvc,1,ok
369396,1650,n7,mvc,1,ok
369398,1600,n7,mvc,1,ok
369400,1535,n7,mvc,1,ok
369402,1488,n7,mvc,1,ok
369404,1475,n7,mvc,1,ok
369406,1437,n7,mvc,1,ok
369408,1426,n7,mvc,1,ok
369410,1569,n7,mvc,1,ok
369412,1651,n7,mvc,1,ok
369414,1655,n7,mvc,1,ok
369416,1859,n7,mvc,1,ok
369418,1863,n7,mvc,1,ok
369420,1799,n7,mvc,1,ok
369422,1728,n7,mvc,1,ok
369424,1675,n7,mvc,1,ok
369426,1734,n7,mvc,1,ok
369428,1702,n7,mvc,1,ok
369430,1686,n7,mvc,1,ok
369432,1630,n7,mvc,1,ok
369434,1633,n7,mvc,1,ok
369436,1681,n7,mvc,1,ok
369438,1643,n7,mvc,1,ok
369440,1616,n7,mvc,1,ok
369442,1535,n7,mvc,1,ok
369444,1488,n7,mvc,1,ok
369446,1463,n7,mvc,1,ok
369448,1423,n7,mvc,1,ok
369450,1415,n7,mvc,1,ok
369452,1457,n7,mvc,1,ok
369454,1488,n7,mvc,1,ok
369456,1445,n7,mvc,1,ok
369458,1471,n7,mvc,1,ok
369460,1439,n7,mvc,1,ok
369462,1380,n7,mvc,1,ok
369464,1325,n7,mvc,1,ok
369466,1281,n7,mvc,1,ok
369468,1351,n7,mvc,1,ok
369470,1450,n7,mvc,1,ok
369472,1455,n7,mvc,1,ok
369474,1589,n7,mvc,1,ok
369476,1645,n7,mvc,1,ok
369478,1655,n7,mvc,1,ok
369480,1620,n7,mvc,1,ok
369482,1535,n7,mvc,1,ok
369484,1498,n7,mvc,1,ok
369486,1447,n7,mvc,1,ok
369488,1407,n7,mvc,1,ok
369490,1344,n7,mvc,1,ok
369492,1337,n7,mvc,1,ok
369494,1285,n7,mvc,1,ok
369496,1267,n7,mvc,1,ok
369498,1231,n7,mvc,1,ok
369500,1232,n7,mvc,1,ok
369502,1312,n7,mvc,1,ok
369504,1258,n7,mvc,1,ok
369506,1289,n7,mvc,1,ok
369508,1340,n7,mvc,1,ok
369510,1456,n7,mvc,1,ok
369512,1417,n7,mvc,1,ok
369514,1418,n7,mvc,1,ok
369516,1407,n7,mvc,1,ok
369518,1360,n7,mvc,1,ok
369520,1344,n7,mvc,1,ok
369522,1338,n7,mvc,1,ok
369524,1331,n7,mvc,1,ok
369526,1301,n7,mvc,1,ok
369528,1319,n7,mvc,1,ok
369530,1338,n7,mvc,1,ok
369532,1459,n7,mvc,1,ok
369534,1463,n7,mvc,1,ok
369536,1415,n7,mvc,1,ok
369538,1472,n7,mvc,1,ok
369540,1609,n7,mvc,1,ok
369542,1610,n7,mvc,1,ok
369544,1559,n7,mvc,1,ok
369546,1595,n7,mvc,1,ok
369548,1626,n7,mvc,1,ok
369550,1601,n7,mvc,1,ok
369552,1599,n7,mvc,1,ok
369554,1644,n7,mvc,1,ok
369556,1618,n7,mvc,1,ok
369558,1711,n7,mvc,1,ok
369560,1773,n7,mvc,1,ok
369562,1899,n7,mvc,1,ok
369564,1963,n7,mvc,1,ok
369566,1954,n7,mvc,1,ok
369568,1968,n7,mvc,1,ok
369570,1968,n7,mvc,1,ok
369572,1967,n7,mvc,1,ok
369574,2197,n7,mvc,1,ok
369576,2178,n7,mvc,1,ok
369578,2209,n7,mvc,1,ok
369580,2183,n7,mvc,1,ok
369582,2130,n7,mvc,1,ok
369584,2044,n7,mvc,1,ok
369586,2027,n7,mvc,1,ok
369588,1981,n7,mvc,1,ok
369590,1943,n7,mvc,1,ok
369592,2026,n7,mvc,1,ok
369594,2203,n7,mvc,1,ok
369596,2172,n7,mvc,1,ok
369598,2113,n7,mvc,1,ok
369600,2039,n7,mvc,1,ok
369602,2013,n7,mvc,1,ok
369604,2211,n7,mvc,1,ok
369606,2208,n7,mvc,1,ok
369608,2206,n7,mvc,1,ok
369610,2189,n7,mvc,1,ok
369612,2112,n7,mvc,1,ok
369614,2016,n7,mvc,1,ok
369616,2001,n7,mvc,1,ok
369618,1939,n7,mvc,1,ok
369620,1882,n7,mvc,1,ok
369622,1807,n7,mvc,1,ok
369624,1783,n7,mvc,1,ok
369626,1806,n7,mvc,1,ok
369628,1773,n7,mvc,1,ok
369630,1790,n7,mvc,1,ok
369632,1746,n7,mvc,1,ok
369634,1670,n7,mvc,1,ok
369636,1646,n7,mvc,1,ok
369638,1754,n7,mvc,1,ok
369640,1909,n7,mvc,1,ok
369642,1945,n7,mvc,1,ok
369644,1930,n7,mvc,1,ok
369646,2055,n7,mvc,1,ok
369648,2224,n7,mvc,1,ok
369650,2209,n7,mvc,1,ok
369652,2176,n7,mvc,1,ok
369654,2271,n7,mvc,1,ok
369656,2387,n7,mvc,1,ok
369658,2389,n7,mvc,1,ok
369660,2457,n7,mvc,1,ok
369662,2378,n7,mvc,1,ok
369664,2279,n7,mvc,1,ok
369666,2249,n7,mvc,1,ok
369668,2256,n7,mvc,1,ok
369670,2191,n7,mvc,1,ok
369672,2114,n7,mvc,1,ok
369674,2023,n7,mvc,1,ok
369676,1950,n7,mvc,1,ok
369678,1906,n7,mvc,1,ok
369680,1934,n7,mvc,1,ok
369682,2023,n7,mvc,1,ok
369684,2029,n7,mvc,1,ok
369686,2032,n7,mvc,1,ok
369688,2062,n7,mvc,1,ok
369690,2000,n7,mvc,1,ok
369692,1986,n7,mvc,1,ok
369694,1908,n7,mvc,1,ok
369696,1855,n7,mvc,1,ok
369698,1807,n7,mvc,1,ok
369700,1727,n7,mvc,1,ok
369702,1725,n7,mvc,1,ok
369704,1725,n7,mvc,1,ok
369706,1708,n7,mvc,1,ok
369708,1775,n7,mvc,1,ok
369710,1755,n7,mvc,1,ok
369712,1730,n7,mvc,1,ok
369714,1699,n7,mvc,1,ok
369716,1795,n7,mvc,1,ok
369718,1829,n7,mvc,1,ok
369720,1893,n7,mvc,1,ok
369722,1906,n7,mvc,1,ok
369724,1903,n7,mvc,1,ok
369726,1834,n7,mvc,1,ok
369728,1845,n7,mvc,1,ok
369730,1818,n7,mvc,1,ok
369732,1795,n7,mvc,1,ok
369734,1759,n7,mvc,1,ok
369736,1712,n7,mvc,1,ok
369738,1669,n7,mvc,1,ok
369740,1617,n7,mvc,1,ok
369742,1680,n7,mvc,1,ok
369744,1842,n7,mvc,1,ok
369746,1859,n7,mvc,1,ok
369748,2064,n7,mvc,1,ok
369750,2061,n7,mvc,1,ok
369752,1969,n7,mvc,1,ok
369754,1893,n7,mvc,1,ok
369756,1846,n7,mvc,1,ok
369758,1810,n7,mvc,1,ok
369760,1759,n7,mvc,1,ok
369762,1697,n7,mvc,1,ok
369764,1665,n7,mvc,1,ok
369766,1605,n7,mvc,1,ok
369768,1531,n7,mvc,1,ok
369770,1475,n7,mvc,1,ok
369772,1519,n7,mvc,1,ok
369774,1582,n7,mvc,1,ok
369776,1584,n7,mvc,1,ok
369778,1586,n7,mvc,1,ok
369780,1535,n7,mvc,1,ok
369782,1535,n7,mvc,1,ok
369784,1658,n7,mvc,1,ok
369786,1679,n7,mvc,1,ok
369788,1610,n7,mvc,1,ok
369790,1581,n7,mvc,1,ok
369792,1535,n7,mvc,1,ok
369794,1555,n7,mvc,1,ok
369796,1498,n7,mvc,1,ok
369798,1451,n7,mvc,1,ok
369800,1382,n7,mvc,1,ok
369802,1439,n7,mvc,1,ok
369804,1527,n7,mvc,1,ok
369806,1575,n7,mvc,1,ok
369808,1713,n7,mvc,1,ok
369810,1718,n7,mvc,1,ok
369812,1648,n7,mvc,1,ok
369814,1623,n7,mvc,1,ok
369816,1594,n7,mvc,1,ok
369818,1535,n7,mvc,1,ok
369820,1578,n7,mvc,1,ok
369822,1509,n7,mvc,1,ok
369824,1535,n7,mvc,1,ok
369826,1514,n7,mvc,1,ok
369828,1457,n7,mvc,1,ok
369830,1491,n7,mvc,1,ok
369832,1476,n7,mvc,1,ok
369834,1535,n7,mvc,1,ok
369836,1535,n7,mvc,1,ok
369838,1484,n7,mvc,1,ok
369840,1453,n7,mvc,1,ok
369842,1425,n7,mvc,1,ok
369844,1458,n7,mvc,1,ok
369846,1439,n7,mvc,1,ok
369848,1456,n7,mvc,1,ok
369850,1445,n7,mvc,1,ok
369852,1438,n7,mvc,1,ok
369854,1418,n7,mvc,1,ok
369856,1424,n7,mvc,1,ok
369858,1392,n7,mvc,1,ok
369860,1359,n7,mvc,1,ok
369862,1303,n7,mvc,1,ok
369864,1303,n7,mvc,1,ok
369866,1291,n7,mvc,1,ok
369868,1276,n7,mvc,1,ok
369870,1243,n7,mvc,1,ok
369872,1206,n7,mvc,1,ok
369874,1185,n7,mvc,1,ok
369876,1167,n7,mvc,1,ok
369878,1165,n7,mvc,1,ok
369880,1137,n7,mvc,1,ok
369882,1136,n7,mvc,1,ok
369884,1168,n7,mvc,1,ok
369886,1203,n7,mvc,1,ok
369888,1283,n7,mvc,1,ok
369890,1258,n7,mvc,1,ok
369892,1283,n7,mvc,1,ok
369894,1466,n7,mvc,1,ok
369896,1473,n7,mvc,1,ok
369898,1456,n7,mvc,1,ok
369900,1401,n7,mvc,1,ok
369902,1393,n7,mvc,1,ok
369904,1424,n7,mvc,1,ok
369906,1373,n7,mvc,1,ok
369908,1345,n7,mvc,1,ok
369910,1369,n7,mvc,1,ok
369912,1430,n7,mvc,1,ok
369914,1442,n7,mvc,1,ok
369916,1533,n7,mvc,1,ok
369918,1579,n7,mvc,1,ok
369920,1522,n7,mvc,1,ok
369922,1466,n7,mvc,1,ok
369924,1423,n7,mvc,1,ok
369926,1430,n7,mvc,1,ok
369928,1452,n7,mvc,1,ok
369930,1451,n7,mvc,1,ok
369932,1491,n7,mvc,1,ok
369934,1498,n7,mvc,1,ok
369936,1615,n7,mvc,1,ok
369938,1690,n7,mvc,1,ok
369940,1665,n7,mvc,1,ok
369942,1645,n7,mvc,1,ok
369944,1654,n7,mvc,1,ok
369946,1604,n7,mvc,1,ok
369948,1535,n7,mvc,1,ok
369950,1466,n7,mvc,1,ok
369952,1473,n7,mvc,1,ok
369954,1670,n7,mvc,1,ok
369956,1795,n7,mvc,1,ok
369958,1915,n7,mvc,1,ok
369960,2098,n7,mvc,1,ok
369962,2143,n7,mvc,1,ok
369964,2069,n7,mvc,1,ok
369966,2062,n7,mvc,1,ok
369968,1994,n7,mvc,1,ok
369970,1936,n7,mvc,1,ok
369972,1883,n7,mvc,1,ok
369974,1808,n7,mvc,1,ok
369976,1820,n7,mvc,1,ok
369978,1990,n7,mvc,1,ok
369980,1957,n7,mvc,1,ok
369982,2071,n7,mvc,1,ok
369984,2107,n7,mvc,1,ok
369986,2064,n7,mvc,1,ok
369988,1968,n7,mvc,1,ok
369990,1887,n7,mvc,1,ok
369992,1840,n7,mvc,1,ok
369994,1799,n7,mvc,1,ok
369996,1772,n7,mvc,1,ok
369998,1706,n7,mvc,1,ok
370000,1643,n7,mvc,1,ok
370002,1585,n7,mvc,1,ok
370004,1520,n7,mvc,1,ok
370006,1511,n7,mvc,1,ok
370008,1485,n7,mvc,1,ok
370010,1431,n7,mvc,1,ok
370012,1404,n7,mvc,1,ok
370014,1398,n7,mvc,1,ok
370016,1563,n7,mvc,1,ok
370018,1574,n7,mvc,1,ok
370020,1559,n7,mvc,1,ok
370022,1526,n7,mvc,1,ok
370024,1642,n7,mvc,1,ok
370026,1693,n7,mvc,1,ok
370028,1726,n7,mvc,1,ok
370030,1698,n7,mvc,1,ok
370032,1638,n7,mvc,1,ok
370034,1622,n7,mvc,1,ok
370036,1598,n7,mvc,1,ok
370038,1565,n7,mvc,1,ok
370040,1520,n7,mvc,1,ok
370042,1499,n7,mvc,1,ok
370044,1444,n7,mvc,1,ok
370046,1411,n7,mvc,1,ok
370048,1405,n7,mvc,1,ok
370050,1355,n7,mvc,1,ok
370052,1497,n7,mvc,1,ok
370054,1525,n7,mvc,1,ok
370056,1498,n7,mvc,1,ok
370058,1499,n7,mvc,1,ok
370060,1522,n7,mvc,1,ok
370062,1508,n7,mvc,1,ok
370064,1455,n7,mvc,1,ok
370066,1519,n7,mvc,1,ok
370068,1497,n7,mvc,1,ok
370070,1528,n7,mvc,1,ok
370072,1525,n7,mvc,1,ok
370074,1467,n7,mvc,1,ok
370076,1441,n7,mvc,1,ok
370078,1412,n7,mvc,1,ok
370080,1360,n7,mvc,1,ok
370082,1419,n7,mvc,1,ok
370084,1525,n7,mvc,1,ok
370086,1535,n7,mvc,1,ok
370088,1615,n7,mvc,1,ok
370090,1651,n7,mvc,1,ok
370092,1637,n7,mvc,1,ok
370094,1663,n7,mvc,1,ok
370096,1792,n7,mvc,1,ok
370098,1834,n7,mvc,1,ok
370100,1872,n7,mvc,1,ok
370102,1927,n7,mvc,1,ok
370104,2033,n7,mvc,1,ok
370106,2254,n7,mvc,1,ok
370108,2357,n7,mvc,1,ok
370110,2343,n7,mvc,1,ok
370112,2288,n7,mvc,1,ok
370114,2223,n7,mvc,1,ok
370116,2150,n7,mvc,1,ok
370118,2089,n7,mvc,1,ok
370120,2061,n7,mvc,1,ok
370122,2042,n7,mvc,1,ok
370124,2010,n7,mvc,1,ok
370126,1954,n7,mvc,1,ok
370128,1933,n7,mvc,1,ok
370130,1883,n7,mvc,1,ok
370132,1801,n7,mvc,1,ok
370134,1751,n7,mvc,1,ok
370136,1739,n7,mvc,1,ok
370138,1741,n7,mvc,1,ok
370140,1677,n7,mvc,1,ok
370142,1691,n7,mvc,1,ok
370144,1709,n7,mvc,1,ok
370146,1679,n7,mvc,1,ok
370148,1615,n7,mvc,1,ok
370150,1558,n7,mvc,1,ok
370152,1535,n7,mvc,1,ok
370154,1535,n7,mvc,1,ok
370156,1535,n7,mvc,1,ok
370158,1534,n7,mvc,1,ok
370160,1613,n7,mvc,1,ok
370162,1712,n7,mvc,1,ok
370164,1809,n7,mvc,1,ok
370166,1746,n7,mvc,1,ok
370168,1678,n7,mvc,1,ok
370170,1616,n7,mvc,1,ok
370172,1598,n7,mvc,1,ok
370174,1535,n7,mvc,1,ok
370176,1490,n7,mvc,1,ok
370178,1437,n7,mvc,1,ok
370180,1375,n7,mvc,1,ok
370182,1360,n7,mvc,1,ok
370184,1344,n7,mvc,1,ok
370186,1333,n7,mvc,1,ok
370188,1333,n7,mvc,1,ok
370190,1330,n7,mvc,1,ok
370192,1279,n7,mvc,1,ok
370194,1221,n7,mvc,1,ok
370196,1200,n7,mvc,1,ok
370198,1216,n7,mvc,1,ok
370200,1374,n7,mvc,1,ok
370202,1454,n7,mvc,1,ok
370204,1477,n7,mvc,1,ok
370206,1509,n7,mvc,1,ok
370208,1569,n7,mvc,1,ok
370210,1525,n7,mvc,1,ok
370212,1502,n7,mvc,1,ok
370214,1520,n7,mvc,1,ok
370216,1501,n7,mvc,1,ok
370218,1582,n7,mvc,1,ok
370220,1614,n7,mvc,1,ok
370222,1664,n7,mvc,1,ok
370224,1635,n7,mvc,1,ok
370226,1559,n7,mvc,1,ok
370228,1483,n7,mvc,1,ok
370230,1431,n7,mvc,1,ok
370232,1438,n7,mvc,1,ok
370234,1399,n7,mvc,1,ok
370236,1362,n7,mvc,1,ok
370238,1368,n7,mvc,1,ok
370240,1348,n7,mvc,1,ok
370242,1322,n7,mvc,1,ok
370244,1296,n7,mvc,1,ok
370246,1264,n7,mvc,1,ok
370248,1291,n7,mvc,1,ok
370250,1382,n7,mvc,1,ok
370252,1351,n7,mvc,1,ok
370254,1359,n7,mvc,1,ok
370256,1344,n7,mvc,1,ok
370258,1382,n7,mvc,1,ok
370260,1423,n7,mvc,1,ok
370262,1439,n7,mvc,1,ok
370264,1395,n7,mvc,1,ok
370266,1446,n7,mvc,1,ok
370268,1600,n7,mvc,1,ok
370270,1782,n7,mvc,1,ok
370272,1763,n7,mvc,1,ok
370274,1909,n7,mvc,1,ok
370276,1953,n7,mvc,1,ok
370278,1915,n7,mvc,1,ok
370280,1932,n7,mvc,1,ok
370282,1863,n7,mvc,1,ok
370284,1838,n7,mvc,1,ok
370286,1803,n7,mvc,1,ok
370288,1854,n7,mvc,1,ok
370290,1893,n7,mvc,1,ok
370292,1839,n7,mvc,1,ok
370294,1798,n7,mvc,1,ok
370296,1861,n7,mvc,1,ok
370298,1822,n7,mvc,1,ok
370300,1904,n7,mvc,1,ok
370302,1950,n7,mvc,1,ok
370304,1935,n7,mvc,1,ok
370306,1968,n7,mvc,1,ok
370308,1964,n7,mvc,1,ok
370310,1951,n7,mvc,1,ok
370312,1894,n7,mvc,1,ok
370314,1921,n7,mvc,1,ok
370316,1915,n7,mvc,1,ok
370318,1935,n7,mvc,1,ok
370320,1958,n7,mvc,1,ok
370322,1935,n7,mvc,1,ok
370324,2062,n7,mvc,1,ok
370326,2062,n7,mvc,1,ok
370328,2000,n7,mvc,1,ok
370330,1955,n7,mvc,1,ok
370332,1924,n7,mvc,1,ok
370334,1977,n7,mvc,1,ok
370336,2083,n7,mvc,1,ok
370338,2000,n7,mvc,1,ok
370340,1953,n7,mvc,1,ok
370342,1962,n7,mvc,1,ok
370344,2047,n7,mvc,1,ok
370346,2032,n7,mvc,1,ok
370348,1999,n7,mvc,1,ok
370350,1922,n7,mvc,1,ok
370352,1895,n7,mvc,1,ok
370354,1856,n7,mvc,1,ok
370356,1883,n7,mvc,1,ok
370358,1815,n7,mvc,1,ok
370360,1803,n7,mvc,1,ok
370362,1773,n7,mvc,1,ok
370364,1712,n7,mvc,1,ok
370366,1657,n7,mvc,1,ok
370368,1600,n7,mvc,1,ok
370370,1535,n7,mvc,1,ok
370372,1483,n7,mvc,1,ok
370374,1441,n7,mvc,1,ok
370376,1429,n7,mvc,1,ok
370378,1383,n7,mvc,1,ok
370380,1351,n7,mvc,1,ok
370382,1350,n7,mvc,1,ok
370384,1353,n7,mvc,1,ok
370386,1360,n7,mvc,1,ok
370388,1307,n7,mvc,1,ok
370390,1263,n7,mvc,1,ok
370392,1264,n7,mvc,1,ok
370394,1230,n7,mvc,1,ok
370396,1196,n7,mvc,1,ok
370398,1299,n7,mvc,1,ok
370400,1507,n7,mvc,1,ok
370402,1635,n7,mvc,1,ok
370404,1669,n7,mvc,1,ok
370406,1665,n7,mvc,1,ok
370408,1654,n7,mvc,1,ok
370410,1606,n7,mvc,1,ok
370412,1535,n7,mvc,1,ok
370414,1535,n7,mvc,1,ok
370416,1518,n7,mvc,1,ok
370418,1555,n7,mvc,1,ok
370420,1515,n7,mvc,1,ok
370422,1535,n7,mvc,1,ok
370424,1579,n7,mvc,1,ok
370426,1711,n7,mvc,1,ok
370428,1744,n7,mvc,1,ok
370430,1938,n7,mvc,1,ok
370432,1917,n7,mvc,1,ok
370434,1837,n7,mvc,1,ok
370436,1758,n7,mvc,1,ok
370438,1706,n7,mvc,1,ok
370440,1664,n7,mvc,1,ok
370442,1649,n7,mvc,1,ok
370444,1709,n7,mvc,1,ok
370446,1931,n7,mvc,1,ok
370448,2109,n7,mvc,1,ok
370450,2321,n7,mvc,1,ok
370452,2386,n7,mvc,1,ok
370454,2302,n7,mvc,1,ok
370456,2205,n7,mvc,1,ok
370458,2128,n7,mvc,1,ok
370460,2037,n7,mvc,1,ok
370462,1963,n7,mvc,1,ok
370464,1918,n7,mvc,1,ok
370466,1883,n7,mvc,1,ok
370468,1833,n7,mvc,1,ok
370470,1900,n7,mvc,1,ok
370472,1902,n7,mvc,1,ok
370474,1851,n7,mvc,1,ok
370476,1793,n7,mvc,1,ok
370478,1801,n7,mvc,1,ok
370480,1872,n7,mvc,1,ok
370482,1818,n7,mvc,1,ok
370484,1770,n7,mvc,1,ok
370486,1753,n7,mvc,1,ok
370488,1703,n7,mvc,1,ok
370490,1683,n7,mvc,1,ok
370492,1616,n7,mvc,1,ok
370494,1606,n7,mvc,1,ok
370496,1563,n7,mvc,1,ok
370498,1495,n7,mvc,1,ok
370500,1457,n7,mvc,1,ok
370502,1393,n7,mvc,1,ok
370504,1344,n7,mvc,1,ok
370506,1298,n7,mvc,1,ok
370508,1255,n7,mvc,1,ok
370510,1200,n7,mvc,1,ok
370512,1180,n7,mvc,1,ok
370514,1195,n7,mvc,1,ok
370516,1219,n7,mvc,1,ok
370518,1200,n7,mvc,1,ok
370520,1156,n7,mvc,1,ok
370522,1127,n7,mvc,1,ok
370524,1115,n7,mvc,1,ok
370526,1089,n7,mvc,1,ok
370528,1045,n7,mvc,1,ok
370530,1011,n7,mvc,1,ok
370532,1015,n7,mvc,1,ok
370534,1006,n7,mvc,1,ok
370536,1018,n7,mvc,1,ok
370538,1122,n7,mvc,1,ok
370540,1155,n7,mvc,1,ok
370542,1274,n7,mvc,1,ok
370544,1290,n7,mvc,1,ok
370546,1243,n7,mvc,1,ok
370548,1280,n7,mvc,1,ok
370550,1233,n7,mvc,1,ok
370552,1186,n7,mvc,1,ok
370554,1165,n7,mvc,1,ok
370556,1172,n7,mvc,1,ok
370558,1154,n7,mvc,1,ok
370560,1140,n7,mvc,1,ok
370562,1167,n7,mvc,1,ok
370564,1166,n7,mvc,1,ok
370566,1125,n7,mvc,1,ok
370568,1117,n7,mvc,1,ok
370570,1165,n7,mvc,1,ok
370572,1198,n7,mvc,1,ok
370574,1169,n7,mvc,1,ok
370576,1178,n7,mvc,1,ok
370578,1142,n7,mvc,1,ok
370580,1131,n7,mvc,1,ok
370582,1094,n7,mvc,1,ok
370584,1088,n7,mvc,1,ok
370586,1043,n7,mvc,1,ok
370588,1020,n7,mvc,1,ok
370590,1109,n7,mvc,1,ok
370592,1094,n7,mvc,1,ok
370594,1063,n7,mvc,1,ok
370596,1107,n7,mvc,1,ok
370598,1123,n7,mvc,1,ok
370600,1088,n7,mvc,1,ok
370602,1150,n7,mvc,1,ok
370604,1269,n7,mvc,1,ok
370606,1296,n7,mvc,1,ok
370608,1307,n7,mvc,1,ok
370610,1329,n7,mvc,1,ok
370612,1279,n7,mvc,1,ok
370614,1301,n7,mvc,1,ok
370616,1349,n7,mvc,1,ok
370618,1393,n7,mvc,1,ok
370620,1459,n7,mvc,1,ok
370622,1478,n7,mvc,1,ok
370624,1443,n7,mvc,1,ok
370626,1392,n7,mvc,1,ok
370628,1361,n7,mvc,1,ok
370630,1351,n7,mvc,1,ok
370632,1350,n7,mvc,1,ok
370634,1326,n7,mvc,1,ok
370636,1280,n7,mvc,1,ok
370638,1243,n7,mvc,1,ok
370640,1229,n7,mvc,1,ok
370642,1196,n7,mvc,1,ok
370644,1159,n7,mvc,1,ok
370646,1158,n7,mvc,1,ok
370648,1255,n7,mvc,1,ok
370650,1207,n7,mvc,1,ok
370652,1200,n7,mvc,1,ok
370654,1263,n7,mvc,1,ok
370656,1287,n7,mvc,1,ok
370658,1264,n7,mvc,1,ok
370660,1217,n7,mvc,1,ok
370662,1190,n7,mvc,1,ok
370664,1159,n7,mvc,1,ok
370666,1125,n7,mvc,1,ok
370668,1107,n7,mvc,1,ok
370670,1136,n7,mvc,1,ok
370672,1123,n7,mvc,1,ok
370674,1152,n7,mvc,1,ok
370676,1136,n7,mvc,1,ok
370678,1094,n7,mvc,1,ok
370680,1057,n7,mvc,1,ok
370682,1083,n7,mvc,1,ok
370684,1099,n7,mvc,1,ok
370686,1087,n7,mvc,1,ok
370688,1057,n7,mvc,1,ok
370690,1050,n7,mvc,1,ok
370692,1071,n7,mvc,1,ok
370694,1069,n7,mvc,1,ok
370696,1038,n7,mvc,1,ok
370698,998,n7,mvc,1,ok
370700,978,n7,mvc,1,ok
370702,970,n7,mvc,1,ok
370704,932,n7,mvc,1,ok
370706,894,n7,mvc,1,ok
370708,912,n7,mvc,1,ok
370710,891,n7,mvc,1,ok
370712,875,n7,mvc,1,ok
370714,865,n7,mvc,1,ok
370716,843,n7,mvc,1,ok
370718,806,n7,mvc,1,ok
370720,797,n7,mvc,1,ok
370722,774,n7,mvc,1,ok
370724,738,n7,mvc,1,ok
370726,711,n7,mvc,1,ok
370728,686,n7,mvc,1,ok
370730,688,n7,mvc,1,ok
370732,685,n7,mvc,1,ok
370734,719,n7,mvc,1,ok
370736,747,n7,mvc,1,ok
370738,866,n7,mvc,1,ok
370740,930,n7,mvc,1,ok
370742,1104,n7,mvc,1,ok
370744,1146,n7,mvc,1,ok
370746,1167,n7,mvc,1,ok
370748,1146,n7,mvc,1,ok
370750,1200,n7,mvc,1,ok
370752,1223,n7,mvc,1,ok
370754,1203,n7,mvc,1,ok
370756,1153,n7,mvc,1,ok
370758,1146,n7,mvc,1,ok
370760,1216,n7,mvc,1,ok
370762,1290,n7,mvc,1,ok
370764,1263,n7,mvc,1,ok
370766,1216,n7,mvc,1,ok
370768,1201,n7,mvc,1,ok
370770,1190,n7,mvc,1,ok
370772,1229,n7,mvc,1,ok
370774,1200,n7,mvc,1,ok
370776,1203,n7,mvc,1,ok
370778,1186,n7,mvc,1,ok
370780,1156,n7,mvc,1,ok
370782,1136,n7,mvc,1,ok
370784,1227,n7,mvc,1,ok
370786,1232,n7,mvc,1,ok
370788,1232,n7,mvc,1,ok
370790,1191,n7,mvc,1,ok
370792,1151,n7,mvc,1,ok
370794,1121,n7,mvc,1,ok
370796,1133,n7,mvc,1,ok
370798,1099,n7,mvc,1,ok
370800,1119,n7,mvc,1,ok
370802,1163,n7,mvc,1,ok
370804,1150,n7,mvc,1,ok
370806,1190,n7,mvc,1,ok
370808,1182,n7,mvc,1,ok
370810,1169,n7,mvc,1,ok
370812,1149,n7,mvc,1,ok
370814,1102,n7,mvc,1,ok
370816,1062,n7,mvc,1,ok
370818,1021,n7,mvc,1,ok
370820,1018,n7,mvc,1,ok
370822,1010,n7,mvc,1,ok
370824,1008,n7,mvc,1,ok
370826,1033,n7,mvc,1,ok
370828,1011,n7,mvc,1,ok
370830,1047,n7,mvc,1,ok
370832,1007,n7,mvc,1,ok
370834,1017,n7,mvc,1,ok
370836,990,n7,mvc,1,ok
370838,947,n7,mvc,1,ok
370840,918,n7,mvc,1,ok
370842,918,n7,mvc,1,ok
370844,929,n7,mvc,1,ok
370846,898,n7,mvc,1,ok
370848,962,n7,mvc,1,ok
370850,939,n7,mvc,1,ok
370852,944,n7,mvc,1,ok
370854,944,n7,mvc,1,ok
370856,923,n7,mvc,1,ok
370858,919,n7,mvc,1,ok
370860,988,n7,mvc,1,ok
370862,982,n7,mvc,1,ok
370864,1011,n7,mvc,1,ok
370866,1006,n7,mvc,1,ok
370868,978,n7,mvc,1,ok
370870,944,n7,mvc,1,ok
370872,914,n7,mvc,1,ok
370874,912,n7,mvc,1,ok
370876,875,n7,mvc,1,ok
370878,871,n7,mvc,1,ok
370880,892,n7,mvc,1,ok
370882,902,n7,mvc,1,ok
370884,971,n7,mvc,1,ok
370886,963,n7,mvc,1,ok
370888,933,n7,mvc,1,ok
370890,890,n7,mvc,1,ok
370892,859,n7,mvc,1,ok
370894,847,n7,mvc,1,ok
370896,865,n7,mvc,1,ok
370898,848,n7,mvc,1,ok
370900,877,n7,mvc,1,ok
370902,933,n7,mvc,1,ok
370904,1011,n7,mvc,1,ok
370906,1040,n7,mvc,1,ok
370908,1133,n7,mvc,1,ok
370910,1118,n7,mvc,1,ok
370912,1097,n7,mvc,1,ok
370914,1095,n7,mvc,1,ok
370916,1071,n7,mvc,1,ok
370918,1055,n7,mvc,1,ok
370920,1017,n7,mvc,1,ok
370922,1005,n7,mvc,1,ok
370924,997,n7,mvc,1,ok
370926,1007,n7,mvc,1,ok
370928,1014,n7,mvc,1,ok
370930,1018,n7,mvc,1,ok
370932,1151,n7,mvc,1,ok
370934,1269,n7,mvc,1,ok
370936,1264,n7,mvc,1,ok
370938,1382,n7,mvc,1,ok
370940,1472,n7,mvc,1,ok
370942,1471,n7,mvc,1,ok
370944,1682,n7,mvc,1,ok
370946,1786,n7,mvc,1,ok
370948,1962,n7,mvc,1,ok
370950,2064,n7,mvc,1,ok
370952,1991,n7,mvc,1,ok
370954,1922,n7,mvc,1,ok
370956,1877,n7,mvc,1,ok
370958,1840,n7,mvc,1,ok
370960,1776,n7,mvc,1,ok
370962,1712,n7,mvc,1,ok
370964,1647,n7,mvc,1,ok
370966,1579,n7,mvc,1,ok
370968,1509,n7,mvc,1,ok
370970,1499,n7,mvc,1,ok
370972,1495,n7,mvc,1,ok
370974,1456,n7,mvc,1,ok
370976,1417,n7,mvc,1,ok
370978,1361,n7,mvc,1,ok
370980,1299,n7,mvc,1,ok
370982,1237,n7,mvc,1,ok
370984,1193,n7,mvc,1,ok
370986,1183,n7,mvc,1,ok
370988,1222,n7,mvc,1,ok
370990,1179,n7,mvc,1,ok
370992,1158,n7,mvc,1,ok
370994,1199,n7,mvc,1,ok
370996,1189,n7,mvc,1,ok
370998,1218,n7,mvc,1,ok
371000,1196,n7,mvc,1,ok
371002,1198,n7,mvc,1,ok
371004,1180,n7,mvc,1,ok
371006,1197,n7,mvc,1,ok
371008,1202,n7,mvc,1,ok
371010,1203,n7,mvc,1,ok
371012,1153,n7,mvc,1,ok
371014,1115,n7,mvc,1,ok
371016,1099,n7,mvc,1,ok
371018,1122,n7,mvc,1,ok
371020,1107,n7,mvc,1,ok
371022,1059,n7,mvc,1,ok
371024,1050,n7,mvc,1,ok
371026,1097,n7,mvc,1,ok
371028,1068,n7,mvc,1,ok
371030,1021,n7,mvc,1,ok
371032,997,n7,mvc,1,ok
371034,966,n7,mvc,1,ok
371036,1004,n7,mvc,1,ok
371038,1005,n7,mvc,1,ok
371040,976,n7,mvc,1,ok
371042,941,n7,mvc,1,ok
371044,979,n7,mvc,1,ok
371046,1043,n7,mvc,1,ok
371048,1018,n7,mvc,1,ok
371050,983,n7,mvc,1,ok
371052,945,n7,mvc,1,ok
371054,945,n7,mvc,1,ok
371056,919,n7,mvc,1,ok
371058,892,n7,mvc,1,ok
371060,898,n7,mvc,1,ok
371062,911,n7,mvc,1,ok
371064,895,n7,mvc,1,ok
371066,875,n7,mvc,1,ok
371068,882,n7,mvc,1,ok
371070,848,n7,mvc,1,ok
371072,827,n7,mvc,1,ok
371074,790,n7,mvc,1,ok
371076,759,n7,mvc,1,ok
371078,804,n7,mvc,1,ok
371080,817,n7,mvc,1,ok
371082,786,n7,mvc,1,ok
371084,788,n7,mvc,1,ok
371086,854,n7,mvc,1,ok
371088,946,n7,mvc,1,ok
371090,944,n7,mvc,1,ok
371092,1067,n7,mvc,1,ok
371094,1103,n7,mvc,1,ok
371096,1139,n7,mvc,1,ok
371098,1097,n7,mvc,1,ok
371100,1090,n7,mvc,1,ok
371102,1079,n7,mvc,1,ok
371104,1072,n7,mvc,1,ok
371106,1061,n7,mvc,1,ok
371108,1117,n7,mvc,1,ok
371110,1111,n7,mvc,1,ok
371112,1118,n7,mvc,1,ok
371114,1102,n7,mvc,1,ok
371116,1056,n7,mvc,1,ok
371118,1086,n7,mvc,1,ok
371120,1125,n7,mvc,1,ok
371122,1104,n7,mvc,1,ok
371124,1134,n7,mvc,1,ok
371126,1221,n7,mvc,1,ok
371128,1271,n7,mvc,1,ok
371130,1247,n7,mvc,1,ok
371132,1303,n7,mvc,1,ok
371134,1279,n7,mvc,1,ok
371136,1263,n7,mvc,1,ok
371138,1217,n7,mvc,1,ok
371140,1170,n7,mvc,1,ok
371142,1119,n7,mvc,1,ok
371144,1075,n7,mvc,1,ok
371146,1040,n7,mvc,1,ok
371148,1040,n7,mvc,1,ok
371150,1007,n7,mvc,1,ok
371152,1022,n7,mvc,1,ok
371154,999,n7,mvc,1,ok
371156,967,n7,mvc,1,ok
371158,927,n7,mvc,1,ok
371160,911,n7,mvc,1,ok
371162,890,n7,mvc,1,ok
371164,976,n7,mvc,1,ok
371166,1056,n7,mvc,1,ok
371168,1077,n7,mvc,1,ok
371170,1136,n7,mvc,1,ok
371172,1136,n7,mvc,1,ok
371174,1086,n7,mvc,1,ok
371176,1057,n7,mvc,1,ok
371178,1072,n7,mvc,1,ok
371180,1056,n7,mvc,1,ok
371182,1008,n7,mvc,1,ok
371184,1035,n7,mvc,1,ok
371186,1067,n7,mvc,1,ok
371188,1071,n7,mvc,1,ok
371190,1074,n7,mvc,1,ok
371192,1121,n7,mvc,1,ok
371194,1184,n7,mvc,1,ok
371196,1156,n7,mvc,1,ok
371198,1115,n7,mvc,1,ok
371200,1093,n7,mvc,1,ok
371202,1152,n7,mvc,1,ok
371204,1139,n7,mvc,1,ok
371206,1193,n7,mvc,1,ok
371208,1237,n7,mvc,1,ok
371210,1201,n7,mvc,1,ok
371212,1167,n7,mvc,1,ok
371214,1168,n7,mvc,1,ok
371216,1133,n7,mvc,1,ok
371218,1082,n7,mvc,1,ok
371220,1118,n7,mvc,1,ok
371222,1173,n7,mvc,1,ok
371224,1168,n7,mvc,1,ok
371226,1204,n7,mvc,1,ok
371228,1206,n7,mvc,1,ok
371230,1175,n7,mvc,1,ok
371232,1136,n7,mvc,1,ok
371234,1152,n7,mvc,1,ok
371236,1153,n7,mvc,1,ok
371238,1147,n7,mvc,1,ok
371240,1194,n7,mvc,1,ok
371242,1200,n7,mvc,1,ok
371244,1241,n7,mvc,1,ok
371246,1353,n7,mvc,1,ok
371248,1354,n7,mvc,1,ok
371250,1497,n7,mvc,1,ok
371252,1619,n7,mvc,1,ok
371254,1632,n7,mvc,1,ok
371256,1584,n7,mvc,1,ok
371258,1665,n7,mvc,1,ok
371260,1718,n7,mvc,1,ok
371262,1686,n7,mvc,1,ok
371264,1687,n7,mvc,1,ok
371266,1734,n7,mvc,1,ok
371268,1691,n7,mvc,1,ok
371270,1641,n7,mvc,1,ok
371272,1627,n7,mvc,1,ok
371274,1675,n7,mvc,1,ok
371276,1648,n7,mvc,1,ok
371278,1578,n7,mvc,1,ok
371280,1575,n7,mvc,1,ok
371282,1555,n7,mvc,1,ok
371284,1508,n7,mvc,1,ok
371286,1518,n7,mvc,1,ok
371288,1594,n7,mvc,1,ok
371290,1570,n7,mvc,1,ok
371292,1506,n7,mvc,1,ok
371294,1517,n7,mvc,1,ok
371296,1501,n7,mvc,1,ok
371298,1685,n7,mvc,1,ok
371300,1837,n7,mvc,1,ok
371302,1869,n7,mvc,1,ok
371304,2109,n7,mvc,1,ok
371306,2195,n7,mvc,1,ok
371308,2221,n7,mvc,1,ok
371310,2159,n7,mvc,1,ok
371312,2146,n7,mvc,1,ok
371314,2080,n7,mvc,1,ok
371316,2077,n7,mvc,1,ok
371318,2005,n7,mvc,1,ok
371320,1921,n7,mvc,1,ok
371322,1935,n7,mvc,1,ok
371324,1902,n7,mvc,1,ok
371326,1850,n7,mvc,1,ok
371328,1904,n7,mvc,1,ok
371330,1854,n7,mvc,1,ok
371332,1853,n7,mvc,1,ok
371334,1801,n7,mvc,1,ok
371336,1750,n7,mvc,1,ok
371338,1687,n7,mvc,1,ok
371340,1648,n7,mvc,1,ok
371342,1634,n7,mvc,1,ok
371344,1598,n7,mvc,1,ok
371346,1532,n7,mvc,1,ok
371348,1513,n7,mvc,1,ok
371350,1468,n7,mvc,1,ok
371352,1475,n7,mvc,1,ok
371354,1479,n7,mvc,1,ok
371356,1449,n7,mvc,1,ok
371358,1402,n7,mvc,1,ok
371360,1358,n7,mvc,1,ok
371362,1348,n7,mvc,1,ok
371364,1344,n7,mvc,1,ok
371366,1301,n7,mvc,1,ok
371368,1302,n7,mvc,1,ok
371370,1278,n7,mvc,1,ok
371372,1237,n7,mvc,1,ok
371374,1202,n7,mvc,1,ok
371376,1183,n7,mvc,1,ok
371378,1145,n7,mvc,1,ok
371380,1146,n7,mvc,1,ok
371382,1291,n7,mvc,1,ok
371384,1418,n7,mvc,1,ok
371386,1408,n7,mvc,1,ok
371388,1450,n7,mvc,1,ok
371390,1600,n7,mvc,1,ok
371392,1760,n7,mvc,1,ok
371394,1767,n7,mvc,1,ok
371396,1721,n7,mvc,1,ok
371398,1710,n7,mvc,1,ok
371400,1763,n7,mvc,1,ok
371402,1744,n7,mvc,1,ok
371404,1669,n7,mvc,1,ok
371406,1648,n7,mvc,1,ok
371408,1588,n7,mvc,1,ok
371410,1579,n7,mvc,1,ok
371412,1605,n7,mvc,1,ok
371414,1556,n7,mvc,1,ok
371416,1535,n7,mvc,1,ok
371418,1622,n7,mvc,1,ok
371420,1655,n7,mvc,1,ok
371422,1645,n7,mvc,1,ok
371424,1671,n7,mvc,1,ok
371426,1665,n7,mvc,1,ok
371428,1631,n7,mvc,1,ok
371430,1565,n7,mvc,1,ok
371432,1535,n7,mvc,1,ok
371434,1589,n7,mvc,1,ok
371436,1571,n7,mvc,1,ok
371438,1582,n7,mvc,1,ok
371440,1564,n7,mvc,1,ok
371442,1518,n7,mvc,1,ok
371444,1497,n7,mvc,1,ok
371446,1486,n7,mvc,1,ok
371448,1479,n7,mvc,1,ok
371450,1501,n7,mvc,1,ok
371452,1615,n7,mvc,1,ok
371454,1648,n7,mvc,1,ok
371456,1723,n7,mvc,1,ok
371458,1776,n7,mvc,1,ok
371460,1728,n7,mvc,1,ok
371462,1694,n7,mvc,1,ok
371464,1648,n7,mvc,1,ok
371466,1582,n7,mvc,1,ok
371468,1568,n7,mvc,1,ok
371470,1557,n7,mvc,1,ok
371472,1520,n7,mvc,1,ok
371474,1468,n7,mvc,1,ok
371476,1425,n7,mvc,1,ok
371478,1393,n7,mvc,1,ok
371480,1359,n7,mvc,1,ok
371482,1311,n7,mvc,1,ok
371484,1258,n7,mvc,1,ok
371486,1233,n7,mvc,1,ok
371488,1251,n7,mvc,1,ok
371490,1319,n7,mvc,1,ok
371492,1418,n7,mvc,1,ok
371494,1386,n7,mvc,1,ok
371496,1429,n7,mvc,1,ok
371498,1454,n7,mvc,1,ok
371500,1467,n7,mvc,1,ok
371502,1402,n7,mvc,1,ok
371504,1386,n7,mvc,1,ok
371506,1402,n7,mvc,1,ok
371508,1445,n7,mvc,1,ok
371510,1417,n7,mvc,1,ok
371512,1387,n7,mvc,1,ok
371514,1331,n7,mvc,1,ok
371516,1301,n7,mvc,1,ok
371518,1296,n7,mvc,1,ok
371520,1238,n7,mvc,1,ok
371522,1296,n7,mvc,1,ok
371524,1438,n7,mvc,1,ok
371526,1483,n7,mvc,1,ok
371528,1487,n7,mvc,1,ok
371530,1443,n7,mvc,1,ok
371532,1515,n7,mvc,1,ok
371534,1523,n7,mvc,1,ok
371536,1500,n7,mvc,1,ok
371538,1449,n7,mvc,1,ok
371540,1498,n7,mvc,1,ok
371542,1478,n7,mvc,1,ok
371544,1443,n7,mvc,1,ok
371546,1424,n7,mvc,1,ok
371548,1394,n7,mvc,1,ok
371550,1503,n7,mvc,1,ok
371552,1664,n7,mvc,1,ok
371554,1733,n7,mvc,1,ok
371556,1863,n7,mvc,1,ok
371558,1840,n7,mvc,1,ok
371560,1814,n7,mvc,1,ok
371562,1825,n7,mvc,1,ok
371564,1783,n7,mvc,1,ok
371566,1776,n7,mvc,1,ok
371568,1800,n7,mvc,1,ok
371570,1774,n7,mvc,1,ok
371572,1712,n7,mvc,1,ok
371574,1689,n7,mvc,1,ok
371576,1629,n7,mvc,1,ok
371578,1588,n7,mvc,1,ok
371580,1527,n7,mvc,1,ok
371582,1469,n7,mvc,1,ok
371584,1413,n7,mvc,1,ok
371586,1399,n7,mvc,1,ok
371588,1381,n7,mvc,1,ok
371590,1387,n7,mvc,1,ok
371592,1358,n7,mvc,1,ok
371594,1340,n7,mvc,1,ok
371596,1315,n7,mvc,1,ok
371598,1441,n7,mvc,1,ok
371600,1693,n7,mvc,1,ok
371602,1743,n7,mvc,1,ok
371604,1945,n7,mvc,1,ok
371606,2096,n7,mvc,1,ok
371608,2118,n7,mvc,1,ok
371610,2065,n7,mvc,1,ok
371612,2087,n7,mvc,1,ok
371614,2196,n7,mvc,1,ok
371616,2209,n7,mvc,1,ok
371618,2263,n7,mvc,1,ok
371620,2220,n7,mvc,1,ok
371622,2140,n7,mvc,1,ok
371624,2078,n7,mvc,1,ok
371626,1984,n7,mvc,1,ok
371628,1997,n7,mvc,1,ok
371630,2000,n7,mvc,1,ok
371632,1933,n7,mvc,1,ok
371634,1855,n7,mvc,1,ok
371636,1781,n7,mvc,1,ok
371638,1709,n7,mvc,1,ok
371640,1648,n7,mvc,1,ok
371642,1591,n7,mvc,1,ok
371644,1535,n7,mvc,1,ok
371646,1514,n7,mvc,1,ok
371648,1518,n7,mvc,1,ok
371650,1535,n7,mvc,1,ok
371652,1488,n7,mvc,1,ok
371654,1456,n7,mvc,1,ok
371656,1434,n7,mvc,1,ok
371658,1387,n7,mvc,1,ok
371660,1328,n7,mvc,1,ok
371662,1267,n7,mvc,1,ok
371664,1275,n7,mvc,1,ok
371666,1232,n7,mvc,1,ok
371668,1212,n7,mvc,1,ok
371670,1191,n7,mvc,1,ok
371672,1183,n7,mvc,1,ok
371674,1249,n7,mvc,1,ok
371676,1328,n7,mvc,1,ok
371678,1338,n7,mvc,1,ok
371680,1408,n7,mvc,1,ok
371682,1408,n7,mvc,1,ok
371684,1425,n7,mvc,1,ok
371686,1361,n7,mvc,1,ok
371688,1325,n7,mvc,1,ok
371690,1298,n7,mvc,1,ok
371692,1289,n7,mvc,1,ok
371694,1337,n7,mvc,1,ok
371696,1325,n7,mvc,1,ok
371698,1296,n7,mvc,1,ok
371700,1334,n7,mvc,1,ok
371702,1401,n7,mvc,1,ok
371704,1424,n7,mvc,1,ok
371706,1370,n7,mvc,1,ok
371708,1371,n7,mvc,1,ok
371710,1434,n7,mvc,1,ok
371712,1494,n7,mvc,1,ok
371714,1456,n7,mvc,1,ok
371716,1393,n7,mvc,1,ok
371718,1362,n7,mvc,1,ok
371720,1313,n7,mvc,1,ok
371722,1259,n7,mvc,1,ok
371724,1212,n7,mvc,1,ok
371726,1154,n7,mvc,1,ok
371728,1103,n7,mvc,1,ok
371730,1078,n7,mvc,1,ok
371732,1038,n7,mvc,1,ok
371734,1019,n7,mvc,1,ok
371736,1038,n7,mvc,1,ok
371738,1040,n7,mvc,1,ok
371740,1001,n7,mvc,1,ok
371742,1002,n7,mvc,1,ok
371744,965,n7,mvc,1,ok
371746,966,n7,mvc,1,ok
371748,946,n7,mvc,1,ok
371750,910,n7,mvc,1,ok
371752,922,n7,mvc,1,ok
371754,944,n7,mvc,1,ok
371756,947,n7,mvc,1,ok
371758,950,n7,mvc,1,ok
371760,919,n7,mvc,1,ok
371762,939,n7,mvc,1,ok
371764,919,n7,mvc,1,ok
371766,891,n7,mvc,1,ok
371768,867,n7,mvc,1,ok
371770,848,n7,mvc,1,ok
371772,848,n7,mvc,1,ok
371774,848,n7,mvc,1,ok
371776,973,n7,mvc,1,ok
371778,1005,n7,mvc,1,ok
371780,994,n7,mvc,1,ok
371782,963,n7,mvc,1,ok
371784,983,n7,mvc,1,ok
371786,945,n7,mvc,1,ok
371788,939,n7,mvc,1,ok
371790,906,n7,mvc,1,ok
371792,919,n7,mvc,1,ok
371794,933,n7,mvc,1,ok
371796,1023,n7,mvc,1,ok
371798,1090,n7,mvc,1,ok
371800,1221,n7,mvc,1,ok
371802,1231,n7,mvc,1,ok
371804,1200,n7,mvc,1,ok
371806,1184,n7,mvc,1,ok
371808,1184,n7,mvc,1,ok
371810,1132,n7,mvc,1,ok
371812,1106,n7,mvc,1,ok
371814,1067,n7,mvc,1,ok
371816,1023,n7,mvc,1,ok
371818,997,n7,mvc,1,ok
371820,959,n7,mvc,1,ok
371822,915,n7,mvc,1,ok
371824,936,n7,mvc,1,ok
371826,925,n7,mvc,1,ok
371828,923,n7,mvc,1,ok
371830,930,n7,mvc,1,ok
371832,908,n7,mvc,1,ok
371834,878,n7,mvc,1,ok
371836,892,n7,mvc,1,ok
371838,903,n7,mvc,1,ok
371840,902,n7,mvc,1,ok
371842,886,n7,mvc,1,ok
371844,886,n7,mvc,1,ok
371846,897,n7,mvc,1,ok
371848,901,n7,mvc,1,ok
371850,934,n7,mvc,1,ok
371852,899,n7,mvc,1,ok
371854,871,n7,mvc,1,ok
371856,834,n7,mvc,1,ok
371858,861,n7,mvc,1,ok
371860,879,n7,mvc,1,ok
371862,945,n7,mvc,1,ok
371864,975,n7,mvc,1,ok
371866,961,n7,mvc,1,ok
371868,930,n7,mvc,1,ok
371870,940,n7,mvc,1,ok
371872,1040,n7,mvc,1,ok
371874,1023,n7,mvc,1,ok
371876,1063,n7,mvc,1,ok
371878,1078,n7,mvc,1,ok
371880,1053,n7,mvc,1,ok
371882,1017,n7,mvc,1,ok
371884,1005,n7,mvc,1,ok
371886,1079,n7,mvc,1,ok
371888,1136,n7,mvc,1,ok
371890,1090,n7,mvc,1,ok
371892,1054,n7,mvc,1,ok
371894,1051,n7,mvc,1,ok
371896,1136,n7,mvc,1,ok
371898,1210,n7,mvc,1,ok
371900,1186,n7,mvc,1,ok
371902,1130,n7,mvc,1,ok
371904,1083,n7,mvc,1,ok
371906,1104,n7,mvc,1,ok
371908,1113,n7,mvc,1,ok
371910,1147,n7,mvc,1,ok
371912,1154,n7,mvc,1,ok
371914,1123,n7,mvc,1,ok
371916,1075,n7,mvc,1,ok
371918,1046,n7,mvc,1,ok
371920,1139,n7,mvc,1,ok
371922,1172,n7,mvc,1,ok
371924,1187,n7,mvc,1,ok
371926,1199,n7,mvc,1,ok
371928,1249,n7,mvc,1,ok
371930,1349,n7,mvc,1,ok
371932,1408,n7,mvc,1,ok
371934,1450,n7,mvc,1,ok
371936,1408,n7,mvc,1,ok
371938,1377,n7,mvc,1,ok
371940,1381,n7,mvc,1,ok
371942,1362,n7,mvc,1,ok
371944,1413,n7,mvc,1,ok
371946,1451,n7,mvc,1,ok
371948,1395,n7,mvc,1,ok
371950,1351,n7,mvc,1,ok
371952,1312,n7,mvc,1,ok
371954,1360,n7,mvc,1,ok
371956,1335,n7,mvc,1,ok
371958,1331,n7,mvc,1,ok
371960,1303,n7,mvc,1,ok
371962,1254,n7,mvc,1,ok
371964,1206,n7,mvc,1,ok
371966,1191,n7,mvc,1,ok
371968,1169,n7,mvc,1,ok
371970,1242,n7,mvc,1,ok
371972,1339,n7,mvc,1,ok
371974,1415,n7,mvc,1,ok
371976,1535,n7,mvc,1,ok
371978,1501,n7,mvc,1,ok
371980,1454,n7,mvc,1,ok
371982,1442,n7,mvc,1,ok
371984,1439,n7,mvc,1,ok
371986,1387,n7,mvc,1,ok
371988,1359,n7,mvc,1,ok
371990,1316,n7,mvc,1,ok
371992,1293,n7,mvc,1,ok
371994,1303,n7,mvc,1,ok
371996,1363,n7,mvc,1,ok
371998,1346,n7,mvc,1,ok
372000,1326,n7,mvc,1,ok
372002,1311,n7,mvc,1,ok
372004,1360,n7,mvc,1,ok
372006,1351,n7,mvc,1,ok
372008,1410,n7,mvc,1,ok
372010,1362,n7,mvc,1,ok
372012,1310,n7,mvc,1,ok
372014,1267,n7,mvc,1,ok
372016,1235,n7,mvc,1,ok
372018,1272,n7,mvc,1,ok
372020,1328,n7,mvc,1,ok
372022,1305,n7,mvc,1,ok
372024,1275,n7,mvc,1,ok
372026,1297,n7,mvc,1,ok
372028,1296,n7,mvc,1,ok
372030,1254,n7,mvc,1,ok
372032,1251,n7,mvc,1,ok
372034,1287,n7,mvc,1,ok
372036,1313,n7,mvc,1,ok
372038,1301,n7,mvc,1,ok
372040,1288,n7,mvc,1,ok
372042,1262,n7,mvc,1,ok
372044,1238,n7,mvc,1,ok
372046,1200,n7,mvc,1,ok
372048,1165,n7,mvc,1,ok
563928,0,n7,mvc,1,ok
563930,0,n7,mvc,1,ok
563932,0,n7,mvc,1,ok
563934,0,n7,mvc,1,ok
563936,0,n7,mvc,1,ok
563938,0,n7,mvc,1,ok
563940,0,n7,mvc,1,ok
563942,0,n7,mvc,1,ok
563944,0,n7,mvc,1,ok
563946,0,n7,mvc,1,ok
563948,0,n7,mvc,1,ok
563950,0,n7,mvc,1,ok
563952,0,n7,mvc,1,ok
563954,0,n7,mvc,1,ok
563956,0,n7,mvc,1,ok
563958,0,n7,mvc,1,ok
563960,0,n7,mvc,1,ok
563962,0,n7,mvc,1,ok
563964,0,n7,mvc,1,ok
563966,0,n7,mvc,1,ok
563968,0,n7,mvc,1,ok
563970,0,n7,mvc,1,ok
563972,0,n7,mvc,1,ok
563974,0,n7,mvc,1,ok
563976,0,n7,mvc,1,ok
563978,0,n7,mvc,1,ok
563980,0,n7,mvc,1,ok
563982,0,n7,mvc,1,ok
563984,0,n7,mvc,1,ok
563986,0,n7,mvc,1,ok
563988,0,n7,mvc,1,ok
563990,0,n7,mvc,1,ok
563992,0,n7,mvc,1,ok
563994,0,n7,mvc,1,ok
563996,0,n7,mvc,1,ok
563998,0,n7,mvc,1,ok
564000,0,n7,mvc,1,ok
564002,0,n7,mvc,1,ok
564004,0,n7,mvc,1,ok
564006,0,n7,mvc,1,ok
564008,0,n7,mvc,1,ok
564010,0,n7,mvc,1,ok
564012,0,n7,mvc,1,ok
564014,0,n7,mvc,1,ok
564016,0,n7,mvc,1,ok
564018,0,n7,mvc,1,ok
564020,0,n7,mvc,1,ok
564022,0,n7,mvc,1,ok
564024,0,n7,mvc,1,ok
564026,0,n7,mvc,1,ok
564028,0,n7,mvc,1,ok
564030,0,n7,mvc,1,ok
564032,208,n7,mvc,1,ok
564034,510,n7,mvc,1,ok
564036,717,n7,mvc,1,ok
564038,794,n7,mvc,1,ok
564040,772,n7,mvc,1,ok
564042,752,n7,mvc,1,ok
564044,809,n7,mvc,1,ok
564046,829,n7,mvc,1,ok
564048,830,n7,mvc,1,ok
564050,865,n7,mvc,1,ok
564052,877,n7,mvc,1,ok
564054,862,n7,mvc,1,ok
564056,951,n7,mvc,1,ok
564058,986,n7,mvc,1,ok
564060,1105,n7,mvc,1,ok
564062,1146,n7,mvc,1,ok
564064,1122,n7,mvc,1,ok
564066,1085,n7,mvc,1,ok
564068,1034,n7,mvc,1,ok
564070,1057,n7,mvc,1,ok
564072,1057,n7,mvc,1,ok
564074,1079,n7,mvc,1,ok
564076,1136,n7,mvc,1,ok
564078,1131,n7,mvc,1,ok
564080,1086,n7,mvc,1,ok
564082,1040,n7,mvc,1,ok
564084,1039,n7,mvc,1,ok
564086,1045,n7,mvc,1,ok
564088,1043,n7,mvc,1,ok
564090,998,n7,mvc,1,ok
564092,991,n7,mvc,1,ok
564094,1050,n7,mvc,1,ok
564096,1104,n7,mvc,1,ok
564098,1105,n7,mvc,1,ok
564100,1151,n7,mvc,1,ok
564102,1134,n7,mvc,1,ok
564104,1119,n7,mvc,1,ok
564106,1166,n7,mvc,1,ok
564108,1165,n7,mvc,1,ok
564110,1215,n7,mvc,1,ok
564112,1237,n7,mvc,1,ok
564114,1234,n7,mvc,1,ok
564116,1211,n7,mvc,1,ok
564118,1206,n7,mvc,1,ok
564120,1223,n7,mvc,1,ok
564122,1253,n7,mvc,1,ok
564124,1222,n7,mvc,1,ok
564126,1173,n7,mvc,1,ok
564128,1195,n7,mvc,1,ok
564130,1266,n7,mvc,1,ok
564132,1296,n7,mvc,1,ok
564134,1382,n7,mvc,1,ok
564136,1321,n7,mvc,1,ok
564138,1264,n7,mvc,1,ok
564140,1219,n7,mvc,1,ok
564142,1178,n7,mvc,1,ok
564144,1136,n7,mvc,1,ok
564146,1104,n7,mvc,1,ok
564148,1073,n7,mvc,1,ok
564150,1045,n7,mvc,1,ok
564152,1014,n7,mvc,1,ok
564154,989,n7,mvc,1,ok
564156,965,n7,mvc,1,ok
564158,941,n7,mvc,1,ok
564160,912,n7,mvc,1,ok
564162,881,n7,mvc,1,ok
564164,835,n7,mvc,1,ok
564166,757,n7,mvc,1,ok
564168,643,n7,mvc,1,ok
564170,542,n7,mvc,1,ok
564172,451,n7,mvc,1,ok
564174,384,n7,mvc,1,ok
564176,326,n7,mvc,1,ok
564178,273,n7,mvc,1,ok
564180,234,n7,mvc,1,ok
564182,197,n7,mvc,1,ok
564184,170,n7,mvc,1,ok
564186,142,n7,mvc,1,ok
564188,113,n7,mvc,1,ok
564190,95,n7,mvc,1,ok
564192,78,n7,mvc,1,ok
564194,60,n7,mvc,1,ok
564196,45,n7,mvc,1,ok
564198,34,n7,mvc,1,ok
564200,17,n7,mvc,1,ok
564202,10,n7,mvc,1,ok
564204,0,n7,mvc,1,ok
564206,0,n7,mvc,1,ok
564208,0,n7,mvc,1,ok
564210,0,n7,mvc,1,ok
564212,0,n7,mvc,1,ok
564214,0,n7,mvc,1,ok
564216,0,n7,mvc,1,ok
564218,0,n7,mvc,1,ok
564220,0,n7,mvc,1,ok
564222,0,n7,mvc,1,ok
564224,0,n7,mvc,1,ok
564226,0,n7,mvc,1,ok
564228,0,n7,mvc,1,ok
564230,0,n7,mvc,1,ok
564232,0,n7,mvc,1,ok
564234,0,n7,mvc,1,ok
564236,0,n7,mvc,1,ok
564238,0,n7,mvc,1,ok
564240,0,n7,mvc,1,ok
564242,0,n7,mvc,1,ok
564244,0,n7,mvc,1,ok
564246,0,n7,mvc,1,ok
564248,0,n7,mvc,1,ok
564250,0,n7,mvc,1,ok
564252,0,n7,mvc,1,ok
564254,0,n7,mvc,1,ok
564256,0,n7,mvc,1,ok
564258,0,n7,mvc,1,ok
564260,0,n7,mvc,1,ok
564262,0,n7,mvc,1,ok
564264,0,n7,mvc,1,ok
564266,0,n7,mvc,1,ok
564268,0,n7,mvc,1,ok
564270,0,n7,mvc,1,ok
564272,0,n7,mvc,1,ok
564274,0,n7,mvc,1,ok
564276,0,n7,mvc,1,ok
564278,0,n7,mvc,1,ok
564280,0,n7,mvc,1,ok
564282,0,n7,mvc,1,ok
564284,0,n7,mvc,1,ok
564286,0,n7,mvc,1,ok
564288,0,n7,mvc,1,ok
564290,0,n7,mvc,1,ok
564292,0,n7,mvc,1,ok
564294,0,n7,mvc,1,ok
564296,0,n7,mvc,1,ok
564298,0,n7,mvc,1,ok
564300,0,n7,mvc,1,ok
564302,0,n7,mvc,1,ok
564304,0,n7,mvc,1,ok
564306,0,n7,mvc,1,ok
564308,0,n7,mvc,1,ok
564310,0,n7,mvc,1,ok
564312,0,n7,mvc,1,ok
564314,0,n7,mvc,1,ok
564316,0,n7,mvc,1,ok
564318,0,n7,mvc,1,ok
564320,0,n7,mvc,1,ok
564322,0,n7,mvc,1,ok
564324,0,n7,mvc,1,ok
564326,0,n7,mvc,1,ok
564328,0,n7,mvc,1,ok
564330,0,n7,mvc,1,ok
564332,0,n7,mvc,1,ok
564334,0,n7,mvc,1,ok
564336,0,n7,mvc,1,ok
564338,0,n7,mvc,1,ok
564340,0,n7,mvc,1,ok
564342,0,n7,mvc,1,ok
564344,0,n7,mvc,1,ok
564346,0,n7,mvc,1,ok
564348,0,n7,mvc,1,ok
564350,0,n7,mvc,1,ok
564352,0,n7,mvc,1,ok
564354,0,n7,mvc,1,ok
564356,0,n7,mvc,1,ok
564358,0,n7,mvc,1,ok
564360,0,n7,mvc,1,ok
564362,0,n7,mvc,1,ok
564364,0,n7,mvc,1,ok
564366,0,n7,mvc,1,ok
564368,0,n7,mvc,1,ok
564370,0,n7,mvc,1,ok
564372,0,n7,mvc,1,ok
564374,0,n7,mvc,1,ok
564376,0,n7,mvc,1,ok
564378,0,n7,mvc,1,ok
564380,0,n7,mvc,1,ok
564382,0,n7,mvc,1,ok
564384,0,n7,mvc,1,ok
564386,0,n7,mvc,1,ok
564388,0,n7,mvc,1,ok
564390,0,n7,mvc,1,ok
564392,0,n7,mvc,1,ok
564394,0,n7,mvc,1,ok
564396,0,n7,mvc,1,ok
564398,0,n7,mvc,1,ok
564400,0,n7,mvc,1,ok
564402,0,n7,mvc,1,ok
564404,0,n7,mvc,1,ok
564406,0,n7,mvc,1,ok
564408,0,n7,mvc,1,ok
564410,0,n7,mvc,1,ok
564412,0,n7,mvc,1,ok
564414,0,n7,mvc,1,ok
564416,0,n7,mvc,1,ok
564418,0,n7,mvc,1,ok
564420,0,n7,mvc,1,ok
564422,0,n7,mvc,1,ok
564424,0,n7,mvc,1,ok
564426,0,n7,mvc,1,ok
564428,0,n7,mvc,1,ok
564430,0,n7,mvc,1,ok
564432,0,n7,mvc,1,ok
564434,0,n7,mvc,1,ok
564436,0,n7,mvc,1,ok
564438,0,n7,mvc,1,ok
564440,0,n7,mvc,1,ok
564442,0,n7,mvc,1,ok
564444,0,n7,mvc,1,ok
564446,0,n7,mvc,1,ok
564448,0,n7,mvc,1,ok
564450,0,n7,mvc,1,ok
564452,0,n7,mvc,1,ok
564454,0,n7,mvc,1,ok
564456,0,n7,mvc,1,ok
564458,0,n7,mvc,1,ok
564460,0,n7,mvc,1,ok
564462,0,n7,mvc,1,ok
564464,0,n7,mvc,1,ok
564466,0,n7,mvc,1,ok
564468,0,n7,mvc,1,ok
564470,0,n7,mvc,1,ok
564472,0,n7,mvc,1,ok
564474,0,n7,mvc,1,ok
564476,0,n7,mvc,1,ok
564478,0,n7,mvc,1,ok
564480,0,n7,mvc,1,ok
564482,0,n7,mvc,1,ok
564484,0,n7,mvc,1,ok
564486,0,n7,mvc,1,ok
564488,0,n7,mvc,1,ok
564490,0,n7,mvc,1,ok
564492,0,n7,mvc,1,ok
564494,0,n7,mvc,1,ok
564496,0,n7,mvc,1,ok
564498,0,n7,mvc,1,ok
564500,0,n7,mvc,1,ok
564502,0,n7,mvc,1,ok
564504,0,n7,mvc,1,ok
564506,0,n7,mvc,1,ok
564508,0,n7,mvc,1,ok
564510,0,n7,mvc,1,ok
564512,0,n7,mvc,1,ok
564514,0,n7,mvc,1,ok
564516,0,n7,mvc,1,ok
564518,0,n7,mvc,1,ok
564520,0,n7,mvc,1,ok
564522,0,n7,mvc,1,ok
564524,0,n7,mvc,1,ok
564526,0,n7,mvc,1,ok
564528,0,n7,mvc,1,ok
564530,0,n7,mvc,1,ok
564532,0,n7,mvc,1,ok
564534,0,n7,mvc,1,ok
564536,0,n7,mvc,1,ok
564538,0,n7,mvc,1,ok
564540,0,n7,mvc,1,ok
564542,0,n7,mvc,1,ok
564544,0,n7,mvc,1,ok
564546,0,n7,mvc,1,ok
564548,0,n7,mvc,1,ok
564550,0,n7,mvc,1,ok
564552,0,n7,mvc,1,ok
564554,0,n7,mvc,1,ok
564556,0,n7,mvc,1,ok
564558,0,n7,mvc,1,ok
564560,0,n7,mvc,1,ok
564562,0,n7,mvc,1,ok
564564,0,n7,mvc,1,ok
564566,0,n7,mvc,1,ok
564568,0,n7,mvc,1,ok
564570,0,n7,mvc,1,ok
564572,0,n7,mvc,1,ok
564574,0,n7,mvc,1,ok
564576,0,n7,mvc,1,ok
564578,0,n7,mvc,1,ok
564580,0,n7,mvc,1,ok
564582,0,n7,mvc,1,ok
564584,0,n7,mvc,1,ok
564586,0,n7,mvc,1,ok
564588,0,n7,mvc,1,ok
564590,0,n7,mvc,1,ok
564592,0,n7,mvc,1,ok
564594,0,n7,mvc,1,ok
564596,0,n7,mvc,1,ok
564598,0,n7,mvc,1,ok
564600,0,n7,mvc,1,ok
564602,0,n7,mvc,1,ok
564604,0,n7,mvc,1,ok
564606,0,n7,mvc,1,ok
564608,0,n7,mvc,1,ok
564610,0,n7,mvc,1,ok
564612,0,n7,mvc,1,ok
564614,0,n7,mvc,1,ok
564616,0,n7,mvc,1,ok
564618,0,n7,mvc,1,ok
564620,0,n7,mvc,1,ok
564622,0,n7,mvc,1,ok
564624,0,n7,mvc,1,ok
564626,0,n7,mvc,1,ok
564628,0,n7,mvc,1,ok
564630,0,n7,mvc,1,ok
564632,0,n7,mvc,1,ok
564634,0,n7,mvc,1,ok
564636,0,n7,mvc,1,ok
564638,0,n7,mvc,1,ok
564640,0,n7,mvc,1,ok
564642,0,n7,mvc,1,ok
564644,0,n7,mvc,1,ok
564646,0,n7,mvc,1,ok
564648,0,n7,mvc,1,ok
564650,0,n7,mvc,1,ok
564652,0,n7,mvc,1,ok
564654,0,n7,mvc,1,ok
564656,0,n7,mvc,1,ok
564658,0,n7,mvc,1,ok
564660,0,n7,mvc,1,ok
564662,0,n7,mvc,1,ok
564664,0,n7,mvc,1,ok
564666,0,n7,mvc,1,ok
564668,0,n7,mvc,1,ok
564670,0,n7,mvc,1,ok
564672,0,n7,mvc,1,ok
564674,0,n7,mvc,1,ok
564676,0,n7,mvc,1,ok
564678,0,n7,mvc,1,ok
564680,0,n7,mvc,1,ok
564682,0,n7,mvc,1,ok
564684,0,n7,mvc,1,ok
564686,0,n7,mvc,1,ok
564688,0,n7,mvc,1,ok
564690,0,n7,mvc,1,ok
564692,0,n7,mvc,1,ok
564694,0,n7,mvc,1,ok
564696,0,n7,mvc,1,ok
564698,0,n7,mvc,1,ok
564700,0,n7,mvc,1,ok
564702,0,n7,mvc,1,ok
564704,0,n7,mvc,1,ok
564706,0,n7,mvc,1,ok
564708,0,n7,mvc,1,ok
564710,0,n7,mvc,1,ok
564712,0,n7,mvc,1,ok
564714,0,n7,mvc,1,ok
564716,0,n7,mvc,1,ok
564718,0,n7,mvc,1,ok
564720,0,n7,mvc,1,ok
564722,0,n7,mvc,1,ok
564724,0,n7,mvc,1,ok
564726,0,n7,mvc,1,ok
564728,0,n7,mvc,1,ok
564730,0,n7,mvc,1,ok
564732,0,n7,mvc,1,ok
564734,0,n7,mvc,1,ok
564736,0,n7,mvc,1,ok
564738,0,n7,mvc,1,ok
564740,0,n7,mvc,1,ok
564742,0,n7,mvc,1,ok
564744,0,n7,mvc,1,ok
564746,0,n7,mvc,1,ok
564748,0,n7,mvc,1,ok
564750,0,n7,mvc,1,ok
564752,0,n7,mvc,1,ok
564754,0,n7,mvc,1,ok
564756,0,n7,mvc,1,ok
564758,0,n7,mvc,1,ok
564760,0,n7,mvc,1,ok
564762,0,n7,mvc,1,ok
564764,0,n7,mvc,1,ok
564766,0,n7,mvc,1,ok
564768,0,n7,mvc,1,ok
564770,0,n7,mvc,1,ok
564772,0,n7,mvc,1,ok
564774,0,n7,mvc,1,ok
564776,0,n7,mvc,1,ok
564778,0,n7,mvc,1,ok
564780,0,n7,mvc,1,ok
564782,0,n7,mvc,1,ok
564784,0,n7,mvc,1,ok
564786,0,n7,mvc,1,ok
564788,0,n7,mvc,1,ok
564790,0,n7,mvc,1,ok
564792,0,n7,mvc,1,ok
564794,0,n7,mvc,1,ok
564796,0,n7,mvc,1,ok
564798,0,n7,mvc,1,ok
564800,0,n7,mvc,1,ok
564802,0,n7,mvc,1,ok
564804,0,n7,mvc,1,ok
564806,0,n7,mvc,1,ok
564808,0,n7,mvc,1,ok
564810,0,n7,mvc,1,ok
564812,0,n7,mvc,1,ok
564814,0,n7,mvc,1,ok
564816,0,n7,mvc,1,ok
564818,0,n7,mvc,1,ok
564820,0,n7,mvc,1,ok
564822,0,n7,mvc,1,ok
564824,0,n7,mvc,1,ok
564826,0,n7,mvc,1,ok
564828,0,n7,mvc,1,ok
564830,0,n7,mvc,1,ok
564832,0,n7,mvc,1,ok
564834,0,n7,mvc,1,ok
564836,0,n7,mvc,1,ok
564838,0,n7,mvc,1,ok
564840,0,n7,mvc,1,ok
564842,0,n7,mvc,1,ok
564844,0,n7,mvc,1,ok
564846,0,n7,mvc,1,ok
564848,0,n7,mvc,1,ok
564850,0,n7,mvc,1,ok
564852,0,n7,mvc,1,ok
564854,0,n7,mvc,1,ok
564856,0,n7,mvc,1,ok
564858,0,n7,mvc,1,ok
564860,0,n7,mvc,1,ok
564862,0,n7,mvc,1,ok
564864,0,n7,mvc,1,ok
564866,0,n7,mvc,1,ok
564868,0,n7,mvc,1,ok
564870,0,n7,mvc,1,ok
564872,0,n7,mvc,1,ok
564874,0,n7,mvc,1,ok
564876,0,n7,mvc,1,ok
564878,0,n7,mvc,1,ok
564880,0,n7,mvc,1,ok
564882,0,n7,mvc,1,ok
564884,0,n7,mvc,1,ok
564886,0,n7,mvc,1,ok
564888,0,n7,mvc,1,ok
564890,0,n7,mvc,1,ok
564892,0,n7,mvc,1,ok
564894,0,n7,mvc,1,ok
564896,0,n7,mvc,1,ok
564898,0,n7,mvc,1,ok
564900,0,n7,mvc,1,ok
564902,0,n7,mvc,1,ok
564904,0,n7,mvc,1,ok
564906,0,n7,mvc,1,ok
564908,0,n7,mvc,1,ok
564910,0,n7,mvc,1,ok
564912,0,n7,mvc,1,ok
564914,0,n7,mvc,1,ok
564916,0,n7,mvc,1,ok
564918,0,n7,mvc,1,ok
564920,0,n7,mvc,1,ok
564922,0,n7,mvc,1,ok
564924,0,n7,mvc,1,ok
564926,0,n7,mvc,1,ok
564928,0,n7,mvc,1,ok
564930,0,n7,mvc,1,ok
564932,0,n7,mvc,1,ok
564934,0,n7,mvc,1,ok
564936,0,n7,mvc,1,ok
564938,0,n7,mvc,1,ok
564940,0,n7,mvc,1,ok
564942,0,n7,mvc,1,ok
564944,0,n7,mvc,1,ok
564946,0,n7,mvc,1,ok
564948,0,n7,mvc,1,ok
564950,0,n7,mvc,1,ok
564952,0,n7,mvc,1,ok
564954,0,n7,mvc,1,ok
564956,0,n7,mvc,1,ok
564958,0,n7,mvc,1,ok
564960,0,n7,mvc,1,ok
564962,0,n7,mvc,1,ok
564964,0,n7,mvc,1,ok
564966,0,n7,mvc,1,ok
564968,0,n7,mvc,1,ok
564970,0,n7,mvc,1,ok
564972,0,n7,mvc,1,ok
564974,0,n7,mvc,1,ok
564976,0,n7,mvc,1,ok
564978,0,n7,mvc,1,ok
564980,0,n7,mvc,1,ok
564982,0,n7,mvc,1,ok
564984,0,n7,mvc,1,ok
564986,0,n7,mvc,1,ok
564988,0,n7,mvc,1,ok
564990,0,n7,mvc,1,ok
564992,0,n7,mvc,1,ok
564994,0,n7,mvc,1,ok
564996,0,n7,mvc,1,ok
564998,0,n7,mvc,1,ok
565000,0,n7,mvc,1,ok
565002,0,n7,mvc,1,ok
565004,0,n7,mvc,1,ok
565006,0,n7,mvc,1,ok
565008,0,n7,mvc,1,ok
565010,0,n7,mvc,1,ok
565012,0,n7,mvc,1,ok
565014,0,n7,mvc,1,ok
565016,0,n7,mvc,1,ok
565018,0,n7,mvc,1,ok
565020,0,n7,mvc,1,ok
565022,0,n7,mvc,1,ok
565024,0,n7,mvc,1,ok
565026,0,n7,mvc,1,ok
565028,0,n7,mvc,1,ok
565030,0,n7,mvc,1,ok
565032,0,n7,mvc,1,ok
565034,0,n7,mvc,1,ok
565036,0,n7,mvc,1,ok
565038,0,n7,mvc,1,ok
565040,0,n7,mvc,1,ok
565042,0,n7,mvc,1,ok
565044,0,n7,mvc,1,ok
565046,0,n7,mvc,1,ok
565048,0,n7,mvc,1,ok
565050,0,n7,mvc,1,ok
565052,0,n7,mvc,1,ok
565054,0,n7,mvc,1,ok
565056,0,n7,mvc,1,ok
565058,0,n7,mvc,1,ok
565060,0,n7,mvc,1,ok
565062,0,n7,mvc,1,ok
565064,0,n7,mvc,1,ok
565066,0,n7,mvc,1,ok
565068,0,n7,mvc,1,ok
565070,0,n7,mvc,1,ok
565072,0,n7,mvc,1,ok
565074,0,n7,mvc,1,ok
565076,0,n7,mvc,1,ok
565078,0,n7,mvc,1,ok
565080,0,n7,mvc,1,ok
565082,0,n7,mvc,1,ok
565084,0,n7,mvc,1,ok
565086,0,n7,mvc,1,ok
565088,0,n7,mvc,1,ok
565090,0,n7,mvc,1,ok
565092,0,n7,mvc,1,ok
565094,0,n7,mvc,1,ok
565096,0,n7,mvc,1,ok
565098,0,n7,mvc,1,ok
565100,0,n7,mvc,1,ok
565102,0,n7,mvc,1,ok
565104,0,n7,mvc,1,ok
565106,0,n7,mvc,1,ok
565108,0,n7,mvc,1,ok
565110,0,n7,mvc,1,ok
565112,0,n7,mvc,1,ok
565114,0,n7,mvc,1,ok
565116,0,n7,mvc,1,ok
565118,0,n7,mvc,1,ok
565120,0,n7,mvc,1,ok
565122,0,n7,mvc,1,ok
565124,0,n7,mvc,1,ok
565126,0,n7,mvc,1,ok
565128,0,n7,mvc,1,ok
565130,0,n7,mvc,1,ok
565132,0,n7,mvc,1,ok
565134,0,n7,mvc,1,ok
565136,0,n7,mvc,1,ok
565138,0,n7,mvc,1,ok
565140,0,n7,mvc,1,ok
565142,0,n7,mvc,1,ok
565144,0,n7,mvc,1,ok
565146,0,n7,mvc,1,ok
565148,0,n7,mvc,1,ok
565150,0,n7,mvc,1,ok
565152,0,n7,mvc,1,ok
565154,0,n7,mvc,1,ok
565156,0,n7,mvc,1,ok
565158,0,n7,mvc,1,ok
565160,0,n7,mvc,1,ok
565162,0,n7,mvc,1,ok
565164,0,n7,mvc,1,ok
565166,0,n7,mvc,1,ok
565168,0,n7,mvc,1,ok
565170,0,n7,mvc,1,ok
565172,0,n7,mvc,1,ok
565174,0,n7,mvc,1,ok
565176,0,n7,mvc,1,ok
565178,0,n7,mvc,1,ok
565180,0,n7,mvc,1,ok
565182,0,n7,mvc,1,ok
565184,0,n7,mvc,1,ok
565186,0,n7,mvc,1,ok
565188,0,n7,mvc,1,ok
565190,0,n7,mvc,1,ok
565192,0,n7,mvc,1,ok
565194,0,n7,mvc,1,ok
565196,0,n7,mvc,1,ok
565198,0,n7,mvc,1,ok
565200,0,n7,mvc,1,ok
565202,0,n7,mvc,1,ok
565204,0,n7,mvc,1,ok
565206,0,n7,mvc,1,ok
565208,0,n7,mvc,1,ok
565210,0,n7,mvc,1,ok
565212,0,n7,mvc,1,ok
565214,0,n7,mvc,1,ok
565216,0,n7,mvc,1,ok
565218,0,n7,mvc,1,ok
565220,0,n7,mvc,1,ok
565222,0,n7,mvc,1,ok
565224,0,n7,mvc,1,ok
565226,0,n7,mvc,1,ok
565228,0,n7,mvc,1,ok
565230,0,n7,mvc,1,ok
565232,0,n7,mvc,1,ok
565234,0,n7,mvc,1,ok
565236,0,n7,mvc,1,ok
565238,0,n7,mvc,1,ok
565240,0,n7,mvc,1,ok
565242,0,n7,mvc,1,ok
565244,0,n7,mvc,1,ok
565246,0,n7,mvc,1,ok
565248,0,n7,mvc,1,ok
565250,0,n7,mvc,1,ok
565252,0,n7,mvc,1,ok
565254,0,n7,mvc,1,ok
565256,0,n7,mvc,1,ok
565258,0,n7,mvc,1,ok
565260,0,n7,mvc,1,ok
565262,0,n7,mvc,1,ok
565264,0,n7,mvc,1,ok
565266,0,n7,mvc,1,ok
565268,0,n7,mvc,1,ok
565270,0,n7,mvc,1,ok
565272,0,n7,mvc,1,ok
565274,0,n7,mvc,1,ok
565276,0,n7,mvc,1,ok
565278,0,n7,mvc,1,ok
565280,0,n7,mvc,1,ok
565282,0,n7,mvc,1,ok
565284,0,n7,mvc,1,ok
565286,0,n7,mvc,1,ok
565288,0,n7,mvc,1,ok
565290,0,n7,mvc,1,ok
565292,0,n7,mvc,1,ok
565294,0,n7,mvc,1,ok
565296,0,n7,mvc,1,ok
565298,0,n7,mvc,1,ok
565300,0,n7,mvc,1,ok
565302,0,n7,mvc,1,ok
565304,0,n7,mvc,1,ok
565306,0,n7,mvc,1,ok
565308,0,n7,mvc,1,ok
565310,0,n7,mvc,1,ok
565312,0,n7,mvc,1,ok
565314,0,n7,mvc,1,ok
565316,0,n7,mvc,1,ok
565318,0,n7,mvc,1,ok
565320,0,n7,mvc,1,ok
565322,0,n7,mvc,1,ok
565324,0,n7,mvc,1,ok
565326,0,n7,mvc,1,ok
565328,0,n7,mvc,1,ok
565330,0,n7,mvc,1,ok
565332,0,n7,mvc,1,ok
565334,0,n7,mvc,1,ok
565336,0,n7,mvc,1,ok
565338,199,n7,mvc,1,ok
565340,991,n7,mvc,1,ok
565342,0,n7,mvc,1,ok
565344,2846,n7,mvc,1,ok
565346,821,n7,mvc,1,ok
565348,330,n7,mvc,1,ok
565350,0,n7,mvc,1,ok
565352,187,n7,mvc,1,ok
565354,2658,n7,mvc,1,ok
565356,2384,n7,mvc,1,ok
565358,0,n7,mvc,1,ok
565360,0,n7,mvc,1,ok
565362,0,n7,mvc,1,ok
565364,0,n7,mvc,1,ok
565366,0,n7,mvc,1,ok
565368,0,n7,mvc,1,ok
565370,0,n7,mvc,1,ok
565372,0,n7,mvc,1,ok
565374,0,n7,mvc,1,ok
565376,0,n7,mvc,1,ok
565378,0,n7,mvc,1,ok
565380,0,n7,mvc,1,ok
565382,0,n7,mvc,1,ok
565384,0,n7,mvc,1,ok
565386,0,n7,mvc,1,ok
565388,0,n7,mvc,1,ok
565390,0,n7,mvc,1,ok
565392,0,n7,mvc,1,ok
565394,0,n7,mvc,1,ok
565396,0,n7,mvc,1,ok
565398,0,n7,mvc,1,ok
565400,0,n7,mvc,1,ok
565402,0,n7,mvc,1,ok
565404,0,n7,mvc,1,ok
565406,0,n7,mvc,1,ok
565408,0,n7,mvc,1,ok
565410,0,n7,mvc,1,ok
565412,0,n7,mvc,1,ok
565414,0,n7,mvc,1,ok
565416,0,n7,mvc,1,ok
565418,0,n7,mvc,1,ok
565420,0,n7,mvc,1,ok
565422,73,n7,mvc,1,ok
565424,507,n7,mvc,1,ok
565426,576,n7,mvc,1,ok
565428,304,n7,mvc,1,ok
565430,391,n7,mvc,1,ok
565432,71,n7,mvc,1,ok
565434,12,n7,mvc,1,ok
565436,178,n7,mvc,1,ok
565438,673,n7,mvc,1,ok
565440,525,n7,mvc,1,ok
565442,412,n7,mvc,1,ok
565444,111,n7,mvc,1,ok
565446,287,n7,mvc,1,ok
565448,321,n7,mvc,1,ok
565450,305,n7,mvc,1,ok
565452,0,n7,mvc,1,ok
565454,0,n7,mvc,1,ok
565456,0,n7,mvc,1,ok
565458,0,n7,mvc,1,ok
565460,0,n7,mvc,1,ok
565462,0,n7,mvc,1,ok
565464,0,n7,mvc,1,ok
565466,0,n7,mvc,1,ok
565468,0,n7,mvc,1,ok
565470,0,n7,mvc,1,ok
565472,0,n7,mvc,1,ok
565474,0,n7,mvc,1,ok
565476,0,n7,mvc,1,ok
565478,0,n7,mvc,1,ok
565480,0,n7,mvc,1,ok
565482,0,n7,mvc,1,ok
565484,0,n7,mvc,1,ok
565486,0,n7,mvc,1,ok
565488,0,n7,mvc,1,ok
565490,0,n7,mvc,1,ok
565492,0,n7,mvc,1,ok
565494,0,n7,mvc,1,ok
565496,0,n7,mvc,1,ok
565498,0,n7,mvc,1,ok
565500,0,n7,mvc,1,ok
565502,0,n7,mvc,1,ok
565504,0,n7,mvc,1,ok
565506,0,n7,mvc,1,ok
565508,0,n7,mvc,1,ok
565510,0,n7,mvc,1,ok
565512,0,n7,mvc,1,ok
565514,0,n7,mvc,1,ok
565516,0,n7,mvc,1,ok
565518,773,n7,mvc,1,ok
565520,2293,n7,mvc,1,ok
565522,4095,n7,mvc,1,ok
565524,4095,n7,mvc,1,ok
565526,4095,n7,mvc,1,ok
565528,4095,n7,mvc,1,ok
565530,0,n7,mvc,1,ok
565532,205,n7,mvc,1,ok
565534,0,n7,mvc,1,ok
565536,964,n7,mvc,1,ok
565538,4095,n7,mvc,1,ok
565540,4095,n7,mvc,1,ok
565542,4095,n7,mvc,1,ok
565544,4095,n7,mvc,1,ok
565546,0,n7,mvc,1,ok
565548,0,n7,mvc,1,ok
565550,0,n7,mvc,1,ok
565552,0,n7,mvc,1,ok
565554,4095,n7,mvc,1,ok
565556,4095,n7,mvc,1,ok
565558,4095,n7,mvc,1,ok
565560,3479,n7,mvc,1,ok
565562,0,n7,mvc,1,ok
565564,0,n7,mvc,1,ok
565566,2,n7,mvc,1,ok
565568,177,n7,mvc,1,ok
565570,353,n7,mvc,1,ok
565572,0,n7,mvc,1,ok
565574,0,n7,mvc,1,ok
565576,187,n7,mvc,1,ok
565578,53,n7,mvc,1,ok
565580,53,n7,mvc,1,ok
565582,49,n7,mvc,1,ok
565584,0,n7,mvc,1,ok
565586,0,n7,mvc,1,ok
565588,0,n7,mvc,1,ok
565590,0,n7,mvc,1,ok
565592,0,n7,mvc,1,ok
565594,0,n7,mvc,1,ok
565596,0,n7,mvc,1,ok
565598,0,n7,mvc,1,ok
565600,0,n7,mvc,1,ok
565602,0,n7,mvc,1,ok
565604,0,n7,mvc,1,ok
565606,0,n7,mvc,1,ok
565608,0,n7,mvc,1,ok
565610,0,n7,mvc,1,ok
565612,0,n7,mvc,1,ok
565614,0,n7,mvc,1,ok
565616,0,n7,mvc,1,ok
565618,0,n7,mvc,1,ok
565620,0,n7,mvc,1,ok
565622,0,n7,mvc,1,ok
565624,0,n7,mvc,1,ok
565626,0,n7,mvc,1,ok
565628,0,n7,mvc,1,ok
565630,0,n7,mvc,1,ok
565632,0,n7,mvc,1,ok
565634,0,n7,mvc,1,ok
565636,0,n7,mvc,1,ok
565638,4095,n7,mvc,1,ok
565640,4095,n7,mvc,1,ok
565642,4095,n7,mvc,1,ok
565644,4095,n7,mvc,1,ok
565646,0,n7,mvc,1,ok
565648,0,n7,mvc,1,ok
565650,0,n7,mvc,1,ok
565652,0,n7,mvc,1,ok
565654,4095,n7,mvc,1,ok
565656,4095,n7,mvc,1,ok
565658,4095,n7,mvc,1,ok
565660,4095,n7,mvc,1,ok
565662,1696,n7,mvc,1,ok
565664,0,n7,mvc,1,ok
565666,0,n7,mvc,1,ok
565668,0,n7,mvc,1,ok
565670,637,n7,mvc,1,ok
565672,4095,n7,mvc,1,ok
565674,4095,n7,mvc,1,ok
565676,4095,n7,mvc,1,ok
565678,2892,n7,mvc,1,ok
565680,0,n7,mvc,1,ok
565682,0,n7,mvc,1,ok
565684,0,n7,mvc,1,ok
565686,0,n7,mvc,1,ok
565688,4095,n7,mvc,1,ok
565690,4095,n7,mvc,1,ok
565692,4095,n7,mvc,1,ok
565694,4095,n7,mvc,1,ok
565696,0,n7,mvc,1,ok
565698,0,n7,mvc,1,ok
565700,0,n7,mvc,1,ok
565702,0,n7,mvc,1,ok
565704,4095,n7,mvc,1,ok
565706,4095,n7,mvc,1,ok
565708,4095,n7,mvc,1,ok
565710,4095,n7,mvc,1,ok
565712,1603,n7,mvc,1,ok
565714,0,n7,mvc,1,ok
565716,0,n7,mvc,1,ok
565718,0,n7,mvc,1,ok
565720,926,n7,mvc,1,ok
565722,4095,n7,mvc,1,ok
565724,4095,n7,mvc,1,ok
565726,4095,n7,mvc,1,ok
565728,4095,n7,mvc,1,ok
565730,0,n7,mvc,1,ok
565732,0,n7,mvc,1,ok
565734,0,n7,mvc,1,ok
565736,0,n7,mvc,1,ok
565738,4095,n7,mvc,1,ok
565740,4095,n7,mvc,1,ok
565742,4095,n7,mvc,1,ok
565744,4095,n7,mvc,1,ok
565746,0,n7,mvc,1,ok
565748,0,n7,mvc,1,ok
565750,0,n7,mvc,1,ok
565752,0,n7,mvc,1,ok
565754,4095,n7,mvc,1,ok
565756,4095,n7,mvc,1,ok
565758,4095,n7,mvc,1,ok
565760,4095,n7,mvc,1,ok
565762,1535,n7,mvc,1,ok
565764,0,n7,mvc,1,ok
565766,0,n7,mvc,1,ok
565768,0,n7,mvc,1,ok
565770,1741,n7,mvc,1,ok
565772,4095,n7,mvc,1,ok
565774,4095,n7,mvc,1,ok
565776,4095,n7,mvc,1,ok
565778,4095,n7,mvc,1,ok
565780,0,n7,mvc,1,ok
565782,0,n7,mvc,1,ok
565784,0,n7,mvc,1,ok
565786,48,n7,mvc,1,ok
565788,4095,n7,mvc,1,ok
565790,4095,n7,mvc,1,ok
565792,4095,n7,mvc,1,ok
565794,4095,n7,mvc,1,ok
565796,610,n7,mvc,1,ok
565798,0,n7,mvc,1,ok
565800,0,n7,mvc,1,ok
565802,110,n7,mvc,1,ok
565804,4095,n7,mvc,1,ok
565806,4095,n7,mvc,1,ok
565808,4095,n7,mvc,1,ok
565810,4095,n7,mvc,1,ok
565812,1483,n7,mvc,1,ok
565814,0,n7,mvc,1,ok
565816,0,n7,mvc,1,ok
565818,0,n7,mvc,1,ok
565820,2399,n7,mvc,1,ok
565822,4095,n7,mvc,1,ok
565824,4095,n7,mvc,1,ok
565826,4095,n7,mvc,1,ok
565828,4095,n7,mvc,1,ok
565830,683,n7,mvc,1,ok
565832,0,n7,mvc,1,ok
565834,0,n7,mvc,1,ok
565836,864,n7,mvc,1,ok
565838,4095,n7,mvc,1,ok
565840,4095,n7,mvc,1,ok
565842,4095,n7,mvc,1,ok
565844,4095,n7,mvc,1,ok
565846,225,n7,mvc,1,ok
565848,0,n7,mvc,1,ok
565850,0,n7,mvc,1,ok
565852,0,n7,mvc,1,ok
565854,4095,n7,mvc,1,ok
565856,4095,n7,mvc,1,ok
565858,4095,n7,mvc,1,ok
565860,4095,n7,mvc,1,ok
565862,1431,n7,mvc,1,ok
565864,112,n7,mvc,1,ok
565866,0,n7,mvc,1,ok
565868,0,n7,mvc,1,ok
565870,0,n7,mvc,1,ok
565872,0,n7,mvc,1,ok
565874,0,n7,mvc,1,ok
565876,0,n7,mvc,1,ok
565878,0,n7,mvc,1,ok
565880,0,n7,mvc,1,ok
565882,0,n7,mvc,1,ok
565884,0,n7,mvc,1,ok
565886,0,n7,mvc,1,ok
565888,0,n7,mvc,1,ok
565890,0,n7,mvc,1,ok
565892,0,n7,mvc,1,ok
565894,0,n7,mvc,1,ok
565896,976,n7,mvc,1,ok
565898,96,n7,mvc,1,ok
565900,0,n7,mvc,1,ok
565902,2447,n7,mvc,1,ok
565904,4095,n7,mvc,1,ok
565906,4095,n7,mvc,1,ok
565908,4095,n7,mvc,1,ok
565910,3036,n7,mvc,1,ok
565912,3012,n7,mvc,1,ok
565914,3009,n7,mvc,1,ok
565916,2955,n7,mvc,1,ok
565918,2982,n7,mvc,1,ok
565920,3053,n7,mvc,1,ok
565922,3090,n7,mvc,1,ok
565924,3088,n7,mvc,1,ok
565926,3127,n7,mvc,1,ok
565928,3026,n7,mvc,1,ok
565930,2983,n7,mvc,1,ok
565932,3002,n7,mvc,1,ok
565934,2957,n7,mvc,1,ok
565936,3018,n7,mvc,1,ok
565938,3056,n7,mvc,1,ok
565940,3071,n7,mvc,1,ok
565942,3089,n7,mvc,1,ok
565944,3044,n7,mvc,1,ok
565946,3007,n7,mvc,1,ok
565948,2986,n7,mvc,1,ok
565950,2980,n7,mvc,1,ok
565952,3019,n7,mvc,1,ok
565954,3056,n7,mvc,1,ok
565956,3087,n7,mvc,1,ok
565958,3131,n7,mvc,1,ok
565960,3058,n7,mvc,1,ok
565962,3024,n7,mvc,1,ok
565964,3014,n7,mvc,1,ok
565966,2960,n7,mvc,1,ok
565968,2992,n7,mvc,1,ok
565970,3043,n7,mvc,1,ok
565972,3088,n7,mvc,1,ok
565974,3067,n7,mvc,1,ok
565976,3087,n7,mvc,1,ok
565978,3034,n7,mvc,1,ok
565980,3003,n7,mvc,1,ok
565982,3008,n7,mvc,1,ok
565984,2961,n7,mvc,1,ok
565986,3021,n7,mvc,1,ok
565988,3066,n7,mvc,1,ok
565990,3086,n7,mvc,1,ok
565992,3142,n7,mvc,1,ok
565994,3058,n7,mvc,1,ok
565996,3033,n7,mvc,1,ok
565998,3002,n7,mvc,1,ok
566000,2999,n7,mvc,1,ok
566002,3039,n7,mvc,1,ok
566004,3051,n7,mvc,1,ok
566006,3088,n7,mvc,1,ok
566008,3115,n7,mvc,1,ok
566010,3062,n7,mvc,1,ok
566012,3024,n7,mvc,1,ok
566014,3013,n7,mvc,1,ok
566016,2966,n7,mvc,1,ok
566018,3024,n7,mvc,1,ok
566020,3067,n7,mvc,1,ok
566022,3088,n7,mvc,1,ok
566024,3083,n7,mvc,1,ok
566026,3101,n7,mvc,1,ok
566028,3051,n7,mvc,1,ok
566030,3017,n7,mvc,1,ok
566032,3027,n7,mvc,1,ok
566034,2999,n7,mvc,1,ok
566036,3054,n7,mvc,1,ok
566038,3071,n7,mvc,1,ok
566040,3093,n7,mvc,1,ok
566042,3115,n7,mvc,1,ok
566044,3070,n7,mvc,1,ok
566046,3041,n7,mvc,1,ok
566048,3008,n7,mvc,1,ok
566050,3008,n7,mvc,1,ok
566052,3031,n7,mvc,1,ok
566054,3087,n7,mvc,1,ok
566056,3102,n7,mvc,1,ok
566058,3131,n7,mvc,1,ok
566060,3070,n7,mvc,1,ok
566062,3046,n7,mvc,1,ok
566064,3037,n7,mvc,1,ok
566066,2988,n7,mvc,1,ok
566068,3031,n7,mvc,1,ok
566070,3071,n7,mvc,1,ok
566072,3103,n7,mvc,1,ok
566074,3088,n7,mvc,1,ok
566076,3097,n7,mvc,1,ok
566078,3062,n7,mvc,1,ok
566080,3035,n7,mvc,1,ok
566082,3035,n7,mvc,1,ok
566084,2997,n7,mvc,1,ok
566086,3056,n7,mvc,1,ok
566088,3095,n7,mvc,1,ok
566090,3092,n7,mvc,1,ok
566092,3120,n7,mvc,1,ok
566094,3071,n7,mvc,1,ok
566096,3040,n7,mvc,1,ok
566098,3021,n7,mvc,1,ok
566100,3023,n7,mvc,1,ok
566102,3049,n7,mvc,1,ok
566104,3088,n7,mvc,1,ok
566106,3112,n7,mvc,1,ok
566108,3147,n7,mvc,1,ok
566110,3085,n7,mvc,1,ok
566112,3067,n7,mvc,1,ok
566114,3043,n7,mvc,1,ok
566116,2990,n7,mvc,1,ok
566118,3038,n7,mvc,1,ok
566120,3071,n7,mvc,1,ok
566122,3106,n7,mvc,1,ok
566124,3102,n7,mvc,1,ok
566126,3104,n7,mvc,1,ok
566128,3071,n7,mvc,1,ok
566130,3040,n7,mvc,1,ok
566132,3040,n7,mvc,1,ok
566134,3019,n7,mvc,1,ok
566136,3088,n7,mvc,1,ok
566138,3104,n7,mvc,1,ok
566140,3122,n7,mvc,1,ok
566142,3123,n7,mvc,1,ok
566144,3100,n7,mvc,1,ok
566146,3053,n7,mvc,1,ok
566148,3043,n7,mvc,1,ok
566150,3036,n7,mvc,1,ok
566152,3056,n7,mvc,1,ok
566154,3088,n7,mvc,1,ok
566156,3130,n7,mvc,1,ok
566158,3164,n7,mvc,1,ok
566160,3088,n7,mvc,1,ok
566162,3056,n7,mvc,1,ok
566164,3069,n7,mvc,1,ok
566166,2997,n7,mvc,1,ok
566168,3066,n7,mvc,1,ok
566170,3114,n7,mvc,1,ok
566172,3119,n7,mvc,1,ok
566174,3113,n7,mvc,1,ok
566176,3126,n7,mvc,1,ok
566178,3089,n7,mvc,1,ok
566180,3056,n7,mvc,1,ok
566182,3056,n7,mvc,1,ok
566184,3022,n7,mvc,1,ok
566186,3088,n7,mvc,1,ok
566188,3113,n7,mvc,1,ok
566190,3120,n7,mvc,1,ok
566192,3137,n7,mvc,1,ok
566194,3103,n7,mvc,1,ok
566196,3056,n7,mvc,1,ok
566198,3041,n7,mvc,1,ok
566200,3050,n7,mvc,1,ok
566202,3071,n7,mvc,1,ok
566204,3106,n7,mvc,1,ok
566206,3136,n7,mvc,1,ok
566208,3158,n7,mvc,1,ok
566210,3113,n7,mvc,1,ok
566212,3067,n7,mvc,1,ok
566214,3059,n7,mvc,1,ok
566216,3018,n7,mvc,1,ok
566218,3087,n7,mvc,1,ok
566220,3120,n7,mvc,1,ok
566222,3136,n7,mvc,1,ok
566224,3133,n7,mvc,1,ok
566226,3140,n7,mvc,1,ok
566228,3088,n7,mvc,1,ok
566230,3067,n7,mvc,1,ok
566232,3069,n7,mvc,1,ok
566234,3043,n7,mvc,1,ok
566236,3103,n7,mvc,1,ok
566238,3132,n7,mvc,1,ok
566240,3139,n7,mvc,1,ok
566242,3136,n7,mvc,1,ok
566244,3109,n7,mvc,1,ok
566246,3088,n7,mvc,1,ok
566248,3057,n7,mvc,1,ok
566250,3052,n7,mvc,1,ok
566252,3085,n7,mvc,1,ok
566254,3121,n7,mvc,1,ok
566256,3152,n7,mvc,1,ok
566258,3169,n7,mvc,1,ok
566260,3114,n7,mvc,1,ok
566262,3099,n7,mvc,1,ok
566264,3071,n7,mvc,1,ok
566266,3039,n7,mvc,1,ok
566268,3088,n7,mvc,1,ok
566270,3129,n7,mvc,1,ok
566272,3138,n7,mvc,1,ok
566274,3148,n7,mvc,1,ok
566276,3147,n7,mvc,1,ok
566278,3087,n7,mvc,1,ok
566280,3069,n7,mvc,1,ok
566282,3087,n7,mvc,1,ok
566284,3046,n7,mvc,1,ok
566286,3101,n7,mvc,1,ok
566288,3151,n7,mvc,1,ok
566290,3140,n7,mvc,1,ok
566292,3159,n7,mvc,1,ok
566294,3125,n7,mvc,1,ok
566296,3088,n7,mvc,1,ok
566298,3066,n7,mvc,1,ok
566300,3067,n7,mvc,1,ok
566302,3108,n7,mvc,1,ok
566304,3120,n7,mvc,1,ok
566306,3158,n7,mvc,1,ok
566308,3201,n7,mvc,1,ok
566310,3125,n7,mvc,1,ok
566312,3106,n7,mvc,1,ok
566314,3089,n7,mvc,1,ok
566316,3024,n7,mvc,1,ok
566318,3088,n7,mvc,1,ok
566320,3127,n7,mvc,1,ok
566322,3161,n7,mvc,1,ok
566324,3167,n7,mvc,1,ok
566326,3184,n7,mvc,1,ok
566328,3102,n7,mvc,1,ok
566330,3093,n7,mvc,1,ok
566332,3101,n7,mvc,1,ok
566334,3070,n7,mvc,1,ok
566336,3123,n7,mvc,1,ok
566338,3147,n7,mvc,1,ok
566340,3149,n7,mvc,1,ok
566342,3191,n7,mvc,1,ok
566344,3138,n7,mvc,1,ok
566346,3105,n7,mvc,1,ok
566348,3083,n7,mvc,1,ok
566350,3071,n7,mvc,1,ok
566352,3118,n7,mvc,1,ok
566354,3141,n7,mvc,1,ok
566356,3179,n7,mvc,1,ok
566358,3206,n7,mvc,1,ok
566360,3151,n7,mvc,1,ok
566362,3104,n7,mvc,1,ok
566364,3104,n7,mvc,1,ok
566366,3041,n7,mvc,1,ok
566368,3102,n7,mvc,1,ok
566370,3136,n7,mvc,1,ok
566372,3160,n7,mvc,1,ok
566374,3167,n7,mvc,1,ok
566376,3181,n7,mvc,1,ok
566378,3120,n7,mvc,1,ok
566380,3103,n7,mvc,1,ok
566382,3099,n7,mvc,1,ok
566384,3058,n7,mvc,1,ok
566386,3131,n7,mvc,1,ok
566388,3171,n7,mvc,1,ok
566390,3166,n7,mvc,1,ok
566392,3171,n7,mvc,1,ok
566394,3146,n7,mvc,1,ok
566396,3107,n7,mvc,1,ok
566398,3088,n7,mvc,1,ok
566400,3103,n7,mvc,1,ok
566402,3120,n7,mvc,1,ok
566404,3145,n7,mvc,1,ok
566406,3184,n7,mvc,1,ok
566408,3209,n7,mvc,1,ok
566410,3153,n7,mvc,1,ok
566412,3141,n7,mvc,1,ok
566414,3114,n7,mvc,1,ok
566416,3038,n7,mvc,1,ok
566418,3121,n7,mvc,1,ok
566420,3142,n7,mvc,1,ok
566422,3149,n7,mvc,1,ok
566424,3184,n7,mvc,1,ok
566426,3166,n7,mvc,1,ok
566428,3132,n7,mvc,1,ok
566430,3119,n7,mvc,1,ok
566432,3129,n7,mvc,1,ok
566434,3090,n7,mvc,1,ok
566436,3134,n7,mvc,1,ok
566438,3168,n7,mvc,1,ok
566440,3183,n7,mvc,1,ok
566442,3218,n7,mvc,1,ok
566444,3152,n7,mvc,1,ok
566446,3114,n7,mvc,1,ok
566448,3098,n7,mvc,1,ok
566450,3087,n7,mvc,1,ok
566452,3142,n7,mvc,1,ok
566454,3150,n7,mvc,1,ok
566456,3188,n7,mvc,1,ok
566458,3227,n7,mvc,1,ok
566460,3179,n7,mvc,1,ok
566462,3141,n7,mvc,1,ok
566464,3114,n7,mvc,1,ok
566466,3061,n7,mvc,1,ok
566468,3120,n7,mvc,1,ok
566470,3168,n7,mvc,1,ok
566472,3174,n7,mvc,1,ok
566474,3209,n7,mvc,1,ok
566476,3185,n7,mvc,1,ok
566478,3134,n7,mvc,1,ok
566480,3120,n7,mvc,1,ok
566482,3135,n7,mvc,1,ok
566484,3094,n7,mvc,1,ok
566486,3153,n7,mvc,1,ok
566488,3184,n7,mvc,1,ok
566490,3185,n7,mvc,1,ok
566492,3225,n7,mvc,1,ok
566494,3167,n7,mvc,1,ok
566496,3109,n7,mvc,1,ok
566498,3117,n7,mvc,1,ok
566500,3107,n7,mvc,1,ok
566502,3152,n7,mvc,1,ok
566504,3155,n7,mvc,1,ok
566506,3199,n7,mvc,1,ok
566508,3223,n7,mvc,1,ok
566510,3166,n7,mvc,1,ok
566512,3141,n7,mvc,1,ok
566514,3129,n7,mvc,1,ok
566516,3061,n7,mvc,1,ok
566518,3138,n7,mvc,1,ok
566520,3184,n7,mvc,1,ok
566522,3179,n7,mvc,1,ok
566524,3216,n7,mvc,1,ok
566526,3215,n7,mvc,1,ok
566528,3153,n7,mvc,1,ok
566530,3133,n7,mvc,1,ok
566532,3134,n7,mvc,1,ok
566534,3130,n7,mvc,1,ok
566536,3158,n7,mvc,1,ok
566538,3183,n7,mvc,1,ok
566540,3185,n7,mvc,1,ok
566542,3210,n7,mvc,1,ok
566544,3152,n7,mvc,1,ok
566546,3150,n7,mvc,1,ok
566548,3120,n7,mvc,1,ok
566550,3127,n7,mvc,1,ok
566552,3162,n7,mvc,1,ok
566554,3173,n7,mvc,1,ok
566556,3212,n7,mvc,1,ok
566558,3229,n7,mvc,1,ok
566560,3186,n7,mvc,1,ok
566562,3162,n7,mvc,1,ok
566564,2941,n7,mvc,1,ok
566566,2896,n7,mvc,1,ok
566568,2992,n7,mvc,1,ok
566570,2445,n7,mvc,1,ok
566572,2014,n7,mvc,1,ok
566574,1989,n7,mvc,1,ok
566576,1685,n7,mvc,1,ok
566578,2629,n7,mvc,1,ok
566580,2583,n7,mvc,1,ok
566582,2993,n7,mvc,1,ok
566584,3031,n7,mvc,1,ok
566586,3163,n7,mvc,1,ok
566588,3190,n7,mvc,1,ok
566590,3191,n7,mvc,1,ok
566592,3228,n7,mvc,1,ok
566594,3179,n7,mvc,1,ok
566596,3152,n7,mvc,1,ok
566598,3138,n7,mvc,1,ok
566600,3138,n7,mvc,1,ok
566602,3171,n7,mvc,1,ok
566604,3194,n7,mvc,1,ok
566606,3219,n7,mvc,1,ok
566608,3223,n7,mvc,1,ok
566610,3190,n7,mvc,1,ok
566612,3175,n7,mvc,1,ok
566614,3142,n7,mvc,1,ok
566616,3088,n7,mvc,1,ok
566618,3171,n7,mvc,1,ok
566620,3201,n7,mvc,1,ok
566622,3197,n7,mvc,1,ok
566624,3246,n7,mvc,1,ok
566626,3203,n7,mvc,1,ok
566628,3165,n7,mvc,1,ok
566630,3149,n7,mvc,1,ok
566632,3152,n7,mvc,1,ok
566634,3135,n7,mvc,1,ok
566636,3180,n7,mvc,1,ok
566638,3201,n7,mvc,1,ok
566640,3204,n7,mvc,1,ok
566642,3248,n7,mvc,1,ok
566644,3185,n7,mvc,1,ok
566646,3162,n7,mvc,1,ok
566648,3149,n7,mvc,1,ok
566650,3137,n7,mvc,1,ok
566652,3172,n7,mvc,1,ok
566654,3204,n7,mvc,1,ok
566656,3230,n7,mvc,1,ok
566658,3247,n7,mvc,1,ok
566660,3201,n7,mvc,1,ok
566662,3182,n7,mvc,1,ok
566664,3149,n7,mvc,1,ok
566666,3105,n7,mvc,1,ok
566668,3162,n7,mvc,1,ok
566670,3210,n7,mvc,1,ok
566672,3205,n7,mvc,1,ok
566674,3252,n7,mvc,1,ok
566676,3226,n7,mvc,1,ok
566678,3192,n7,mvc,1,ok
566680,3157,n7,mvc,1,ok
566682,3159,n7,mvc,1,ok
566684,3147,n7,mvc,1,ok
566686,3178,n7,mvc,1,ok
566688,3217,n7,mvc,1,ok
566690,3218,n7,mvc,1,ok
566692,3251,n7,mvc,1,ok
566694,3201,n7,mvc,1,ok
566696,3157,n7,mvc,1,ok
566698,3152,n7,mvc,1,ok
566700,3137,n7,mvc,1,ok
566702,3198,n7,mvc,1,ok
566704,3195,n7,mvc,1,ok
566706,3234,n7,mvc,1,ok
566708,3241,n7,mvc,1,ok
566710,3205,n7,mvc,1,ok
566712,3187,n7,mvc,1,ok
566714,3159,n7,mvc,1,ok
566716,3134,n7,mvc,1,ok
566718,3184,n7,mvc,1,ok
566720,3218,n7,mvc,1,ok
566722,3234,n7,mvc,1,ok
566724,3268,n7,mvc,1,ok
566726,3207,n7,mvc,1,ok
566728,3207,n7,mvc,1,ok
566730,3169,n7,mvc,1,ok
566732,3170,n7,mvc,1,ok
566734,3170,n7,mvc,1,ok
566736,3218,n7,mvc,1,ok
566738,3245,n7,mvc,1,ok
566740,3222,n7,mvc,1,ok
566742,3286,n7,mvc,1,ok
566744,3219,n7,mvc,1,ok
566746,3173,n7,mvc,1,ok
566748,3161,n7,mvc,1,ok
566750,3167,n7,mvc,1,ok
566752,3181,n7,mvc,1,ok
566754,3218,n7,mvc,1,ok
566756,3255,n7,mvc,1,ok
566758,3248,n7,mvc,1,ok
566760,3213,n7,mvc,1,ok
566762,3189,n7,mvc,1,ok
566764,3177,n7,mvc,1,ok
566766,3135,n7,mvc,1,ok
566768,3190,n7,mvc,1,ok
566770,3236,n7,mvc,1,ok
566772,3247,n7,mvc,1,ok
566774,3287,n7,mvc,1,ok
566776,3217,n7,mvc,1,ok
566778,3190,n7,mvc,1,ok
566780,3181,n7,mvc,1,ok
566782,3170,n7,mvc,1,ok
566784,3157,n7,mvc,1,ok
566786,3203,n7,mvc,1,ok
566788,3240,n7,mvc,1,ok
566790,3238,n7,mvc,1,ok
566792,3268,n7,mvc,1,ok
566794,3205,n7,mvc,1,ok
566796,3202,n7,mvc,1,ok
566798,3167,n7,mvc,1,ok
566800,3170,n7,mvc,1,ok
566802,3220,n7,mvc,1,ok
566804,3228,n7,mvc,1,ok
566806,3262,n7,mvc,1,ok
566808,3292,n7,mvc,1,ok
566810,3233,n7,mvc,1,ok
566812,3209,n7,mvc,1,ok
566814,3177,n7,mvc,1,ok
566816,3125,n7,mvc,1,ok
566818,3195,n7,mvc,1,ok
566820,3214,n7,mvc,1,ok
566822,3249,n7,mvc,1,ok
566824,3305,n7,mvc,1,ok
566826,3234,n7,mvc,1,ok
566828,3202,n7,mvc,1,ok
566830,3191,n7,mvc,1,ok
566832,3181,n7,mvc,1,ok
566834,3181,n7,mvc,1,ok
566836,3233,n7,mvc,1,ok
566838,3267,n7,mvc,1,ok
566840,3244,n7,mvc,1,ok
566842,3281,n7,mvc,1,ok
566844,3230,n7,mvc,1,ok
566846,3195,n7,mvc,1,ok
566848,3178,n7,mvc,1,ok
566850,3186,n7,mvc,1,ok
566852,3216,n7,mvc,1,ok
566854,3229,n7,mvc,1,ok
566856,3269,n7,mvc,1,ok
566858,3270,n7,mvc,1,ok
566860,3249,n7,mvc,1,ok
566862,3214,n7,mvc,1,ok
566864,3183,n7,mvc,1,ok
566866,3155,n7,mvc,1,ok
566868,3219,n7,mvc,1,ok
566870,3249,n7,mvc,1,ok
566872,3259,n7,mvc,1,ok
566874,3302,n7,mvc,1,ok
566876,3264,n7,mvc,1,ok
566878,3202,n7,mvc,1,ok
566880,3184,n7,mvc,1,ok
566882,3195,n7,mvc,1,ok
566884,3184,n7,mvc,1,ok
566886,3221,n7,mvc,1,ok
566888,3262,n7,mvc,1,ok
566890,3250,n7,mvc,1,ok
566892,3312,n7,mvc,1,ok
566894,3248,n7,mvc,1,ok
566896,3207,n7,mvc,1,ok
566898,3201,n7,mvc,1,ok
566900,3184,n7,mvc,1,ok
566902,3233,n7,mvc,1,ok
566904,3249,n7,mvc,1,ok
566906,3282,n7,mvc,1,ok
566908,3280,n7,mvc,1,ok
566910,3263,n7,mvc,1,ok
566912,3221,n7,mvc,1,ok
566914,3184,n7,mvc,1,ok
566916,3152,n7,mvc,1,ok
566918,3229,n7,mvc,1,ok
566920,3247,n7,mvc,1,ok
566922,3262,n7,mvc,1,ok
566924,3319,n7,mvc,1,ok
566926,3251,n7,mvc,1,ok
566928,3239,n7,mvc,1,ok
566930,3201,n7,mvc,1,ok
